SeqID,HashID,Reads,Method,Filt,StudyID,SampleType,Library
mockIM4p4L1,1a589e45391a7e9fc0b162cd98865888,7363,dada2,basic,mock,mock,libA
mockIM4p4L1,e0425a63c5717f2c0bfc70a1886275f4,6100,dada2,basic,mock,mock,libA
mockIM4p4L1,f1e2e46d9d39da02757f2e3e3c2a62e5,5088,dada2,basic,mock,mock,libA
mockIM4p4L1,f51974df289e803808177a78bdf311e2,6983,dada2,basic,mock,mock,libA
mockIM4p4L1,f6a5686e762060e92089709944306a6a,7175,dada2,basic,mock,mock,libA
mockIM4p4L1,fba1769661698317d960d93ee6943def,465,dada2,basic,mock,mock,libA
mockIM4p4L1,106866132fd52b9d5c96c38bde87c51f,7866,dada2,basic,mock,mock,libA
mockIM4p4L1,821aa64611daa3da216572e13a62b9ce,7087,dada2,basic,mock,mock,libA
mockIM4p4L1,1c4c22364b2626d57778fdee5980c360,2,dada2,basic,mock,mock,libA
mockIM4p4L1,1cd1ff405bf366c31e72fd99dfd39ede,7562,dada2,basic,mock,mock,libA
mockIM4p4L1,3348e2b97c19155f395e0a5f6bd9024b,4,dada2,basic,mock,mock,libA
mockIM4p4L1,55a17d8326442d559967b1c9445390bf,6329,dada2,basic,mock,mock,libA
mockIM4p4L1,6061194e627ad662d7d6a7ae178166e9,6,dada2,basic,mock,mock,libA
mockIM4p4L1,7f8765e7a170252a49c619116f0cfbfa,7617,dada2,basic,mock,mock,libA
mockIM4p4L1,84efcdc4397b06db856a314c95b0ab2e,5481,dada2,basic,mock,mock,libA
mockIM4p4L1,098f65da59f0fa927fe804d96cb3dff4,6894,dada2,basic,mock,mock,libA
mockIM4p4L1,86d824f733d61170ef80a4235cb32238,7208,dada2,basic,mock,mock,libA
mockIM4p4L1,5592a4d77978f1271b28d3058d03e55d,6549,dada2,basic,mock,mock,libA
mockIM4p4L1,3456ff6251490eea3e12040d3e345c65,4572,dada2,basic,mock,mock,libA
mockIM4p4L1,38266d9f6aa0062dc3abecfdf193dc33,4255,dada2,basic,mock,mock,libA
mockIM4p4L1,43c5d1c9b7e77b220d74398f758225bb,3,dada2,basic,mock,mock,libA
mockIM4p4L1,899f39fc558547da06b0737419092c95,5582,dada2,basic,mock,mock,libA
mockIM4p4L1,49337d34e108aaa7b9eed947dfc6a6d7,8606,dada2,basic,mock,mock,libA
mockIM4p4L1,443a72aa5f34ea34fd921e6c56388ce3,8298,dada2,basic,mock,mock,libA
mockIM4p4L1,a1bf48aed3403b048276c6c7541b6b82,8103,dada2,basic,mock,mock,libA
mockIM4p4L1,a33e9d5dcc6aebafe47272127f7f4b4f,8158,dada2,basic,mock,mock,libA
mockIM4p4L1,aea4dfce56b29e85d72e79b1453366e4,7790,dada2,basic,mock,mock,libA
mockIM4p4L1,ba43baa0664c7465cbc757c64829dc74,2,dada2,basic,mock,mock,libA
mockIM4p4L1,a6152ff903092bda54f1fe77a3167563,9628,dada2,basic,mock,mock,libA
mockIM4p4L1,c753f823a8823c373321618db6ba8e30,7733,dada2,basic,mock,mock,libA
mockIM4p4L2,0853a883ea800fe3fd8cfde4f2ff0d5f,5,dada2,basic,mock,mock,libB
mockIM4p4L2,1cd1ff405bf366c31e72fd99dfd39ede,16966,dada2,basic,mock,mock,libB
mockIM4p4L2,21fe30e900fea8f7e01c2fb4fa93ec77,8,dada2,basic,mock,mock,libB
mockIM4p4L2,3019836df83e332ce59481161afca490,6,dada2,basic,mock,mock,libB
mockIM4p4L2,3456ff6251490eea3e12040d3e345c65,11693,dada2,basic,mock,mock,libB
mockIM4p4L2,38266d9f6aa0062dc3abecfdf193dc33,10679,dada2,basic,mock,mock,libB
mockIM4p4L2,3bccc7419ed71054e8d594ffa35fe0c6,5,dada2,basic,mock,mock,libB
mockIM4p4L2,443a72aa5f34ea34fd921e6c56388ce3,20131,dada2,basic,mock,mock,libB
mockIM4p4L2,84efcdc4397b06db856a314c95b0ab2e,13627,dada2,basic,mock,mock,libB
mockIM4p4L2,86d824f733d61170ef80a4235cb32238,16887,dada2,basic,mock,mock,libB
mockIM4p4L2,899f39fc558547da06b0737419092c95,13686,dada2,basic,mock,mock,libB
mockIM4p4L2,a1bf48aed3403b048276c6c7541b6b82,21669,dada2,basic,mock,mock,libB
mockIM4p4L2,a33e9d5dcc6aebafe47272127f7f4b4f,19097,dada2,basic,mock,mock,libB
mockIM4p4L2,a6152ff903092bda54f1fe77a3167563,22094,dada2,basic,mock,mock,libB
mockIM4p4L2,aea4dfce56b29e85d72e79b1453366e4,17113,dada2,basic,mock,mock,libB
mockIM4p4L2,b99c08005333658beab17599501d1b13,5,dada2,basic,mock,mock,libB
mockIM4p4L2,c753f823a8823c373321618db6ba8e30,19736,dada2,basic,mock,mock,libB
mockIM4p4L2,e0425a63c5717f2c0bfc70a1886275f4,14362,dada2,basic,mock,mock,libB
mockIM4p4L2,f6a5686e762060e92089709944306a6a,15415,dada2,basic,mock,mock,libB
mockIM4p4L2,098f65da59f0fa927fe804d96cb3dff4,17456,dada2,basic,mock,mock,libB
mockIM4p4L2,106866132fd52b9d5c96c38bde87c51f,18082,dada2,basic,mock,mock,libB
mockIM4p4L2,19b15068add9c22b572c309576d98259,13,dada2,basic,mock,mock,libB
mockIM4p4L2,1a589e45391a7e9fc0b162cd98865888,18235,dada2,basic,mock,mock,libB
mockIM4p4L2,49337d34e108aaa7b9eed947dfc6a6d7,19966,dada2,basic,mock,mock,libB
mockIM4p4L2,5592a4d77978f1271b28d3058d03e55d,16057,dada2,basic,mock,mock,libB
mockIM4p4L2,55a17d8326442d559967b1c9445390bf,15008,dada2,basic,mock,mock,libB
mockIM4p4L2,719542bfb0f337f545382bf974c81337,7,dada2,basic,mock,mock,libB
mockIM4p4L2,7f8765e7a170252a49c619116f0cfbfa,17324,dada2,basic,mock,mock,libB
mockIM4p4L2,821aa64611daa3da216572e13a62b9ce,18390,dada2,basic,mock,mock,libB
mockIM4p4L2,eb3a4a579b410351b538a2510c37a56c,4,dada2,basic,mock,mock,libB
mockIM4p4L2,f1e2e46d9d39da02757f2e3e3c2a62e5,12897,dada2,basic,mock,mock,libB
mockIM4p4L2,f51974df289e803808177a78bdf311e2,16749,dada2,basic,mock,mock,libB
mockIM4p7L1,c753f823a8823c373321618db6ba8e30,10197,dada2,basic,mock,mock,libC
mockIM4p7L1,dd7d351d61b07cc898433c44c578ec1c,4,dada2,basic,mock,mock,libC
mockIM4p7L1,e0425a63c5717f2c0bfc70a1886275f4,7383,dada2,basic,mock,mock,libC
mockIM4p7L1,c533626259d8a8ebb77bcdf91d4cfb48,6,dada2,basic,mock,mock,libC
mockIM4p7L1,f6a5686e762060e92089709944306a6a,8737,dada2,basic,mock,mock,libC
mockIM4p7L1,f1e2e46d9d39da02757f2e3e3c2a62e5,6585,dada2,basic,mock,mock,libC
mockIM4p7L1,f51974df289e803808177a78bdf311e2,9446,dada2,basic,mock,mock,libC
mockIM4p7L1,55a17d8326442d559967b1c9445390bf,8203,dada2,basic,mock,mock,libC
mockIM4p7L1,a33e9d5dcc6aebafe47272127f7f4b4f,10310,dada2,basic,mock,mock,libC
mockIM4p7L1,a6152ff903092bda54f1fe77a3167563,11416,dada2,basic,mock,mock,libC
mockIM4p7L1,aea4dfce56b29e85d72e79b1453366e4,9805,dada2,basic,mock,mock,libC
mockIM4p7L1,098f65da59f0fa927fe804d96cb3dff4,8313,dada2,basic,mock,mock,libC
mockIM4p7L1,106866132fd52b9d5c96c38bde87c51f,9456,dada2,basic,mock,mock,libC
mockIM4p7L1,17e9cae9edb25dc924d384431348c22f,8,dada2,basic,mock,mock,libC
mockIM4p7L1,1a589e45391a7e9fc0b162cd98865888,7427,dada2,basic,mock,mock,libC
mockIM4p7L1,1cd1ff405bf366c31e72fd99dfd39ede,9132,dada2,basic,mock,mock,libC
mockIM4p7L1,1eddc0a4d718b1d125f5a1875cf2a531,5,dada2,basic,mock,mock,libC
mockIM4p7L1,3019836df83e332ce59481161afca490,3,dada2,basic,mock,mock,libC
mockIM4p7L1,3456ff6251490eea3e12040d3e345c65,5742,dada2,basic,mock,mock,libC
mockIM4p7L1,38266d9f6aa0062dc3abecfdf193dc33,5342,dada2,basic,mock,mock,libC
mockIM4p7L1,443a72aa5f34ea34fd921e6c56388ce3,10464,dada2,basic,mock,mock,libC
mockIM4p7L1,49337d34e108aaa7b9eed947dfc6a6d7,10886,dada2,basic,mock,mock,libC
mockIM4p7L1,5592a4d77978f1271b28d3058d03e55d,8485,dada2,basic,mock,mock,libC
mockIM4p7L1,7f8765e7a170252a49c619116f0cfbfa,9876,dada2,basic,mock,mock,libC
mockIM4p7L1,821aa64611daa3da216572e13a62b9ce,8968,dada2,basic,mock,mock,libC
mockIM4p7L1,84efcdc4397b06db856a314c95b0ab2e,7074,dada2,basic,mock,mock,libC
mockIM4p7L1,86d824f733d61170ef80a4235cb32238,8566,dada2,basic,mock,mock,libC
mockIM4p7L1,899f39fc558547da06b0737419092c95,6871,dada2,basic,mock,mock,libC
mockIM4p7L1,937734275b3e7b4640969c48a56b421a,5,dada2,basic,mock,mock,libC
mockIM4p7L1,a1bf48aed3403b048276c6c7541b6b82,10184,dada2,basic,mock,mock,libC
mockIM4p7L1,91a7a6e7f28d21c7ced7dc3df389efcf,3,dada2,basic,mock,mock,libC
mockIM4p7L2,937734275b3e7b4640969c48a56b421a,2,dada2,basic,mock,mock,libD
mockIM4p7L2,997f4a78373f3517a361cf76c4db9a43,10,dada2,basic,mock,mock,libD
mockIM4p7L2,899f39fc558547da06b0737419092c95,36153,dada2,basic,mock,mock,libD
mockIM4p7L2,924e54e2bb7e72942c009a6dc99878c8,21,dada2,basic,mock,mock,libD
mockIM4p7L2,a44c771f6365558777fa16f813857f90,5,dada2,basic,mock,mock,libD
mockIM4p7L2,a6152ff903092bda54f1fe77a3167563,55159,dada2,basic,mock,mock,libD
mockIM4p7L2,aea4dfce56b29e85d72e79b1453366e4,50338,dada2,basic,mock,mock,libD
mockIM4p7L2,ba3fbad2c82d3740432b1e58a910abf7,4,dada2,basic,mock,mock,libD
mockIM4p7L2,bab0d3359ede10717fa2c97b58dbb56b,9,dada2,basic,mock,mock,libD
mockIM4p7L2,c5098366c5ba2170bb0bdbb4ebb969cf,14,dada2,basic,mock,mock,libD
mockIM4p7L2,c533626259d8a8ebb77bcdf91d4cfb48,6,dada2,basic,mock,mock,libD
mockIM4p7L2,c753f823a8823c373321618db6ba8e30,49280,dada2,basic,mock,mock,libD
mockIM4p7L2,e0425a63c5717f2c0bfc70a1886275f4,36875,dada2,basic,mock,mock,libD
mockIM4p7L2,e7cf8febd22a81f1f6ad53ade6117fe5,12,dada2,basic,mock,mock,libD
mockIM4p7L2,eb3a4a579b410351b538a2510c37a56c,10,dada2,basic,mock,mock,libD
mockIM4p7L2,a1bf48aed3403b048276c6c7541b6b82,49047,dada2,basic,mock,mock,libD
mockIM4p7L2,a33e9d5dcc6aebafe47272127f7f4b4f,52937,dada2,basic,mock,mock,libD
mockIM4p7L2,f3a3d06ac23f53504f35632c0ee0b750,8,dada2,basic,mock,mock,libD
mockIM4p7L2,f51974df289e803808177a78bdf311e2,44938,dada2,basic,mock,mock,libD
mockIM4p7L2,f6a5686e762060e92089709944306a6a,45578,dada2,basic,mock,mock,libD
mockIM4p7L2,ef84ca30c9049205e65e13f0ba7da64a,4,dada2,basic,mock,mock,libD
mockIM4p7L2,f1e2e46d9d39da02757f2e3e3c2a62e5,32644,dada2,basic,mock,mock,libD
mockIM4p7L2,390fc0aa03c9dc2e4f74112e47659f7c,9,dada2,basic,mock,mock,libD
mockIM4p7L2,3bccc7419ed71054e8d594ffa35fe0c6,3,dada2,basic,mock,mock,libD
mockIM4p7L2,443a72aa5f34ea34fd921e6c56388ce3,46603,dada2,basic,mock,mock,libD
mockIM4p7L2,49337d34e108aaa7b9eed947dfc6a6d7,58697,dada2,basic,mock,mock,libD
mockIM4p7L2,5592a4d77978f1271b28d3058d03e55d,41928,dada2,basic,mock,mock,libD
mockIM4p7L2,55a17d8326442d559967b1c9445390bf,40999,dada2,basic,mock,mock,libD
mockIM4p7L2,7a6aaff38eb5f3153417cb86c7041497,2,dada2,basic,mock,mock,libD
mockIM4p7L2,7f8765e7a170252a49c619116f0cfbfa,51090,dada2,basic,mock,mock,libD
mockIM4p7L2,821aa64611daa3da216572e13a62b9ce,44221,dada2,basic,mock,mock,libD
mockIM4p7L2,84efcdc4397b06db856a314c95b0ab2e,33593,dada2,basic,mock,mock,libD
mockIM4p7L2,86d824f733d61170ef80a4235cb32238,43511,dada2,basic,mock,mock,libD
mockIM4p7L2,06cc5faccebfed1ae42d5fd81c826cb1,16,dada2,basic,mock,mock,libD
mockIM4p7L2,0853a883ea800fe3fd8cfde4f2ff0d5f,11,dada2,basic,mock,mock,libD
mockIM4p7L2,098f65da59f0fa927fe804d96cb3dff4,41936,dada2,basic,mock,mock,libD
mockIM4p7L2,106866132fd52b9d5c96c38bde87c51f,47815,dada2,basic,mock,mock,libD
mockIM4p7L2,13ef19285dfa5b8075398a7970bfc08b,5,dada2,basic,mock,mock,libD
mockIM4p7L2,19b15068add9c22b572c309576d98259,23,dada2,basic,mock,mock,libD
mockIM4p7L2,1a589e45391a7e9fc0b162cd98865888,45803,dada2,basic,mock,mock,libD
mockIM4p7L2,1cd1ff405bf366c31e72fd99dfd39ede,45090,dada2,basic,mock,mock,libD
mockIM4p7L2,3019836df83e332ce59481161afca490,13,dada2,basic,mock,mock,libD
mockIM4p7L2,3456ff6251490eea3e12040d3e345c65,28320,dada2,basic,mock,mock,libD
mockIM4p7L2,347bb6caf0b7c269c432be50f07eb53f,8,dada2,basic,mock,mock,libD
mockIM4p7L2,38266d9f6aa0062dc3abecfdf193dc33,25302,dada2,basic,mock,mock,libD
mockIM4p4L1,a1bf48aed3403b048276c6c7541b6b82,8103,deblur,basic,mock,mock,libA
mockIM4p4L1,a33e9d5dcc6aebafe47272127f7f4b4f,8158,deblur,basic,mock,mock,libA
mockIM4p4L1,1cd1ff405bf366c31e72fd99dfd39ede,7562,deblur,basic,mock,mock,libA
mockIM4p4L1,1c4c22364b2626d57778fdee5980c360,2,deblur,basic,mock,mock,libA
mockIM4p4L1,098f65da59f0fa927fe804d96cb3dff4,6894,deblur,basic,mock,mock,libA
mockIM4p4L1,1a589e45391a7e9fc0b162cd98865888,7363,deblur,basic,mock,mock,libA
mockIM4p4L1,86d824f733d61170ef80a4235cb32238,7208,deblur,basic,mock,mock,libA
mockIM4p4L1,899f39fc558547da06b0737419092c95,5582,deblur,basic,mock,mock,libA
mockIM4p4L1,106866132fd52b9d5c96c38bde87c51f,7866,deblur,basic,mock,mock,libA
mockIM4p4L1,a6152ff903092bda54f1fe77a3167563,9628,deblur,basic,mock,mock,libA
mockIM4p4L1,aea4dfce56b29e85d72e79b1453366e4,7790,deblur,basic,mock,mock,libA
mockIM4p4L1,84efcdc4397b06db856a314c95b0ab2e,5481,deblur,basic,mock,mock,libA
mockIM4p4L1,6061194e627ad662d7d6a7ae178166e9,6,deblur,basic,mock,mock,libA
mockIM4p4L1,3348e2b97c19155f395e0a5f6bd9024b,4,deblur,basic,mock,mock,libA
mockIM4p4L1,3456ff6251490eea3e12040d3e345c65,4572,deblur,basic,mock,mock,libA
mockIM4p4L1,38266d9f6aa0062dc3abecfdf193dc33,4255,deblur,basic,mock,mock,libA
mockIM4p4L1,43c5d1c9b7e77b220d74398f758225bb,3,deblur,basic,mock,mock,libA
mockIM4p4L1,443a72aa5f34ea34fd921e6c56388ce3,8298,deblur,basic,mock,mock,libA
mockIM4p4L1,49337d34e108aaa7b9eed947dfc6a6d7,8606,deblur,basic,mock,mock,libA
mockIM4p4L1,5592a4d77978f1271b28d3058d03e55d,6549,deblur,basic,mock,mock,libA
mockIM4p4L1,55a17d8326442d559967b1c9445390bf,6329,deblur,basic,mock,mock,libA
mockIM4p4L1,f51974df289e803808177a78bdf311e2,6983,deblur,basic,mock,mock,libA
mockIM4p4L1,7f8765e7a170252a49c619116f0cfbfa,7617,deblur,basic,mock,mock,libA
mockIM4p4L1,821aa64611daa3da216572e13a62b9ce,7087,deblur,basic,mock,mock,libA
mockIM4p4L1,ba43baa0664c7465cbc757c64829dc74,2,deblur,basic,mock,mock,libA
mockIM4p4L1,c753f823a8823c373321618db6ba8e30,7733,deblur,basic,mock,mock,libA
mockIM4p4L1,e0425a63c5717f2c0bfc70a1886275f4,6100,deblur,basic,mock,mock,libA
mockIM4p4L1,f1e2e46d9d39da02757f2e3e3c2a62e5,5088,deblur,basic,mock,mock,libA
mockIM4p4L1,f6a5686e762060e92089709944306a6a,7175,deblur,basic,mock,mock,libA
mockIM4p4L1,fba1769661698317d960d93ee6943def,465,deblur,basic,mock,mock,libA
mockIM4p4L2,719542bfb0f337f545382bf974c81337,7,deblur,basic,mock,mock,libB
mockIM4p4L2,55a17d8326442d559967b1c9445390bf,15008,deblur,basic,mock,mock,libB
mockIM4p4L2,0853a883ea800fe3fd8cfde4f2ff0d5f,5,deblur,basic,mock,mock,libB
mockIM4p4L2,5592a4d77978f1271b28d3058d03e55d,16057,deblur,basic,mock,mock,libB
mockIM4p4L2,443a72aa5f34ea34fd921e6c56388ce3,20131,deblur,basic,mock,mock,libB
mockIM4p4L2,106866132fd52b9d5c96c38bde87c51f,18082,deblur,basic,mock,mock,libB
mockIM4p4L2,19b15068add9c22b572c309576d98259,13,deblur,basic,mock,mock,libB
mockIM4p4L2,098f65da59f0fa927fe804d96cb3dff4,17456,deblur,basic,mock,mock,libB
mockIM4p4L2,49337d34e108aaa7b9eed947dfc6a6d7,19966,deblur,basic,mock,mock,libB
mockIM4p4L2,3bccc7419ed71054e8d594ffa35fe0c6,5,deblur,basic,mock,mock,libB
mockIM4p4L2,1a589e45391a7e9fc0b162cd98865888,18235,deblur,basic,mock,mock,libB
mockIM4p4L2,1cd1ff405bf366c31e72fd99dfd39ede,16966,deblur,basic,mock,mock,libB
mockIM4p4L2,21fe30e900fea8f7e01c2fb4fa93ec77,8,deblur,basic,mock,mock,libB
mockIM4p4L2,3019836df83e332ce59481161afca490,6,deblur,basic,mock,mock,libB
mockIM4p4L2,3456ff6251490eea3e12040d3e345c65,11693,deblur,basic,mock,mock,libB
mockIM4p4L2,38266d9f6aa0062dc3abecfdf193dc33,10679,deblur,basic,mock,mock,libB
mockIM4p4L2,a33e9d5dcc6aebafe47272127f7f4b4f,19097,deblur,basic,mock,mock,libB
mockIM4p4L2,a6152ff903092bda54f1fe77a3167563,22094,deblur,basic,mock,mock,libB
mockIM4p4L2,aea4dfce56b29e85d72e79b1453366e4,17113,deblur,basic,mock,mock,libB
mockIM4p4L2,b99c08005333658beab17599501d1b13,5,deblur,basic,mock,mock,libB
mockIM4p4L2,c753f823a8823c373321618db6ba8e30,19736,deblur,basic,mock,mock,libB
mockIM4p4L2,e0425a63c5717f2c0bfc70a1886275f4,14362,deblur,basic,mock,mock,libB
mockIM4p4L2,eb3a4a579b410351b538a2510c37a56c,4,deblur,basic,mock,mock,libB
mockIM4p4L2,f1e2e46d9d39da02757f2e3e3c2a62e5,12897,deblur,basic,mock,mock,libB
mockIM4p4L2,f51974df289e803808177a78bdf311e2,16749,deblur,basic,mock,mock,libB
mockIM4p4L2,899f39fc558547da06b0737419092c95,13686,deblur,basic,mock,mock,libB
mockIM4p4L2,a1bf48aed3403b048276c6c7541b6b82,21669,deblur,basic,mock,mock,libB
mockIM4p4L2,7f8765e7a170252a49c619116f0cfbfa,17324,deblur,basic,mock,mock,libB
mockIM4p4L2,f6a5686e762060e92089709944306a6a,15415,deblur,basic,mock,mock,libB
mockIM4p4L2,86d824f733d61170ef80a4235cb32238,16887,deblur,basic,mock,mock,libB
mockIM4p4L2,84efcdc4397b06db856a314c95b0ab2e,13627,deblur,basic,mock,mock,libB
mockIM4p4L2,821aa64611daa3da216572e13a62b9ce,18390,deblur,basic,mock,mock,libB
mockIM4p7L1,1a589e45391a7e9fc0b162cd98865888,7427,deblur,basic,mock,mock,libC
mockIM4p7L1,dd7d351d61b07cc898433c44c578ec1c,4,deblur,basic,mock,mock,libC
mockIM4p7L1,a1bf48aed3403b048276c6c7541b6b82,10184,deblur,basic,mock,mock,libC
mockIM4p7L1,f6a5686e762060e92089709944306a6a,8737,deblur,basic,mock,mock,libC
mockIM4p7L1,e0425a63c5717f2c0bfc70a1886275f4,7383,deblur,basic,mock,mock,libC
mockIM4p7L1,f1e2e46d9d39da02757f2e3e3c2a62e5,6585,deblur,basic,mock,mock,libC
mockIM4p7L1,f51974df289e803808177a78bdf311e2,9446,deblur,basic,mock,mock,libC
mockIM4p7L1,098f65da59f0fa927fe804d96cb3dff4,8313,deblur,basic,mock,mock,libC
mockIM4p7L1,106866132fd52b9d5c96c38bde87c51f,9456,deblur,basic,mock,mock,libC
mockIM4p7L1,17e9cae9edb25dc924d384431348c22f,8,deblur,basic,mock,mock,libC
mockIM4p7L1,1cd1ff405bf366c31e72fd99dfd39ede,9132,deblur,basic,mock,mock,libC
mockIM4p7L1,1eddc0a4d718b1d125f5a1875cf2a531,5,deblur,basic,mock,mock,libC
mockIM4p7L1,3019836df83e332ce59481161afca490,3,deblur,basic,mock,mock,libC
mockIM4p7L1,7f8765e7a170252a49c619116f0cfbfa,9876,deblur,basic,mock,mock,libC
mockIM4p7L1,821aa64611daa3da216572e13a62b9ce,8968,deblur,basic,mock,mock,libC
mockIM4p7L1,84efcdc4397b06db856a314c95b0ab2e,7074,deblur,basic,mock,mock,libC
mockIM4p7L1,86d824f733d61170ef80a4235cb32238,8566,deblur,basic,mock,mock,libC
mockIM4p7L1,899f39fc558547da06b0737419092c95,6871,deblur,basic,mock,mock,libC
mockIM4p7L1,91a7a6e7f28d21c7ced7dc3df389efcf,3,deblur,basic,mock,mock,libC
mockIM4p7L1,937734275b3e7b4640969c48a56b421a,5,deblur,basic,mock,mock,libC
mockIM4p7L1,a33e9d5dcc6aebafe47272127f7f4b4f,10310,deblur,basic,mock,mock,libC
mockIM4p7L1,a6152ff903092bda54f1fe77a3167563,11416,deblur,basic,mock,mock,libC
mockIM4p7L1,aea4dfce56b29e85d72e79b1453366e4,9805,deblur,basic,mock,mock,libC
mockIM4p7L1,c533626259d8a8ebb77bcdf91d4cfb48,6,deblur,basic,mock,mock,libC
mockIM4p7L1,c753f823a8823c373321618db6ba8e30,10197,deblur,basic,mock,mock,libC
mockIM4p7L1,3456ff6251490eea3e12040d3e345c65,5742,deblur,basic,mock,mock,libC
mockIM4p7L1,38266d9f6aa0062dc3abecfdf193dc33,5342,deblur,basic,mock,mock,libC
mockIM4p7L1,443a72aa5f34ea34fd921e6c56388ce3,10464,deblur,basic,mock,mock,libC
mockIM4p7L1,49337d34e108aaa7b9eed947dfc6a6d7,10886,deblur,basic,mock,mock,libC
mockIM4p7L1,5592a4d77978f1271b28d3058d03e55d,8485,deblur,basic,mock,mock,libC
mockIM4p7L1,55a17d8326442d559967b1c9445390bf,8203,deblur,basic,mock,mock,libC
mockIM4p7L2,bab0d3359ede10717fa2c97b58dbb56b,9,deblur,basic,mock,mock,libD
mockIM4p7L2,c5098366c5ba2170bb0bdbb4ebb969cf,14,deblur,basic,mock,mock,libD
mockIM4p7L2,c533626259d8a8ebb77bcdf91d4cfb48,6,deblur,basic,mock,mock,libD
mockIM4p7L2,c753f823a8823c373321618db6ba8e30,49280,deblur,basic,mock,mock,libD
mockIM4p7L2,e0425a63c5717f2c0bfc70a1886275f4,36875,deblur,basic,mock,mock,libD
mockIM4p7L2,e7cf8febd22a81f1f6ad53ade6117fe5,12,deblur,basic,mock,mock,libD
mockIM4p7L2,eb3a4a579b410351b538a2510c37a56c,10,deblur,basic,mock,mock,libD
mockIM4p7L2,ef84ca30c9049205e65e13f0ba7da64a,4,deblur,basic,mock,mock,libD
mockIM4p7L2,f1e2e46d9d39da02757f2e3e3c2a62e5,32644,deblur,basic,mock,mock,libD
mockIM4p7L2,f3a3d06ac23f53504f35632c0ee0b750,8,deblur,basic,mock,mock,libD
mockIM4p7L2,f51974df289e803808177a78bdf311e2,44938,deblur,basic,mock,mock,libD
mockIM4p7L2,f6a5686e762060e92089709944306a6a,45578,deblur,basic,mock,mock,libD
mockIM4p7L2,49337d34e108aaa7b9eed947dfc6a6d7,58697,deblur,basic,mock,mock,libD
mockIM4p7L2,5592a4d77978f1271b28d3058d03e55d,41928,deblur,basic,mock,mock,libD
mockIM4p7L2,55a17d8326442d559967b1c9445390bf,40999,deblur,basic,mock,mock,libD
mockIM4p7L2,7a6aaff38eb5f3153417cb86c7041497,2,deblur,basic,mock,mock,libD
mockIM4p7L2,7f8765e7a170252a49c619116f0cfbfa,51090,deblur,basic,mock,mock,libD
mockIM4p7L2,821aa64611daa3da216572e13a62b9ce,44221,deblur,basic,mock,mock,libD
mockIM4p7L2,84efcdc4397b06db856a314c95b0ab2e,33593,deblur,basic,mock,mock,libD
mockIM4p7L2,86d824f733d61170ef80a4235cb32238,43511,deblur,basic,mock,mock,libD
mockIM4p7L2,899f39fc558547da06b0737419092c95,36153,deblur,basic,mock,mock,libD
mockIM4p7L2,924e54e2bb7e72942c009a6dc99878c8,21,deblur,basic,mock,mock,libD
mockIM4p7L2,937734275b3e7b4640969c48a56b421a,2,deblur,basic,mock,mock,libD
mockIM4p7L2,997f4a78373f3517a361cf76c4db9a43,10,deblur,basic,mock,mock,libD
mockIM4p7L2,a44c771f6365558777fa16f813857f90,5,deblur,basic,mock,mock,libD
mockIM4p7L2,a6152ff903092bda54f1fe77a3167563,55159,deblur,basic,mock,mock,libD
mockIM4p7L2,aea4dfce56b29e85d72e79b1453366e4,50338,deblur,basic,mock,mock,libD
mockIM4p7L2,ba3fbad2c82d3740432b1e58a910abf7,4,deblur,basic,mock,mock,libD
mockIM4p7L2,38266d9f6aa0062dc3abecfdf193dc33,25302,deblur,basic,mock,mock,libD
mockIM4p7L2,390fc0aa03c9dc2e4f74112e47659f7c,9,deblur,basic,mock,mock,libD
mockIM4p7L2,3bccc7419ed71054e8d594ffa35fe0c6,3,deblur,basic,mock,mock,libD
mockIM4p7L2,443a72aa5f34ea34fd921e6c56388ce3,46603,deblur,basic,mock,mock,libD
mockIM4p7L2,a1bf48aed3403b048276c6c7541b6b82,49047,deblur,basic,mock,mock,libD
mockIM4p7L2,a33e9d5dcc6aebafe47272127f7f4b4f,52937,deblur,basic,mock,mock,libD
mockIM4p7L2,13ef19285dfa5b8075398a7970bfc08b,5,deblur,basic,mock,mock,libD
mockIM4p7L2,19b15068add9c22b572c309576d98259,23,deblur,basic,mock,mock,libD
mockIM4p7L2,1a589e45391a7e9fc0b162cd98865888,45803,deblur,basic,mock,mock,libD
mockIM4p7L2,1cd1ff405bf366c31e72fd99dfd39ede,45090,deblur,basic,mock,mock,libD
mockIM4p7L2,3019836df83e332ce59481161afca490,13,deblur,basic,mock,mock,libD
mockIM4p7L2,3456ff6251490eea3e12040d3e345c65,28320,deblur,basic,mock,mock,libD
mockIM4p7L2,347bb6caf0b7c269c432be50f07eb53f,8,deblur,basic,mock,mock,libD
mockIM4p7L2,0853a883ea800fe3fd8cfde4f2ff0d5f,11,deblur,basic,mock,mock,libD
mockIM4p7L2,098f65da59f0fa927fe804d96cb3dff4,41936,deblur,basic,mock,mock,libD
mockIM4p7L2,06cc5faccebfed1ae42d5fd81c826cb1,16,deblur,basic,mock,mock,libD
mockIM4p7L2,106866132fd52b9d5c96c38bde87c51f,47815,deblur,basic,mock,mock,libD
mockIM4p4L1,a33e9d5dcc6aebafe47272127f7f4b4f,8158,vsearch,basic,mock,mock,libA
mockIM4p4L1,a1bf48aed3403b048276c6c7541b6b82,8103,vsearch,basic,mock,mock,libA
mockIM4p4L1,a6152ff903092bda54f1fe77a3167563,9628,vsearch,basic,mock,mock,libA
mockIM4p4L1,aea4dfce56b29e85d72e79b1453366e4,7790,vsearch,basic,mock,mock,libA
mockIM4p4L1,899f39fc558547da06b0737419092c95,5582,vsearch,basic,mock,mock,libA
mockIM4p4L1,fba1769661698317d960d93ee6943def,465,vsearch,basic,mock,mock,libA
mockIM4p4L1,ba43baa0664c7465cbc757c64829dc74,2,vsearch,basic,mock,mock,libA
mockIM4p4L1,43c5d1c9b7e77b220d74398f758225bb,3,vsearch,basic,mock,mock,libA
mockIM4p4L1,38266d9f6aa0062dc3abecfdf193dc33,4255,vsearch,basic,mock,mock,libA
mockIM4p4L1,c753f823a8823c373321618db6ba8e30,7733,vsearch,basic,mock,mock,libA
mockIM4p4L1,e0425a63c5717f2c0bfc70a1886275f4,6100,vsearch,basic,mock,mock,libA
mockIM4p4L1,f1e2e46d9d39da02757f2e3e3c2a62e5,5088,vsearch,basic,mock,mock,libA
mockIM4p4L1,f51974df289e803808177a78bdf311e2,6983,vsearch,basic,mock,mock,libA
mockIM4p4L1,f6a5686e762060e92089709944306a6a,7175,vsearch,basic,mock,mock,libA
mockIM4p4L1,3348e2b97c19155f395e0a5f6bd9024b,4,vsearch,basic,mock,mock,libA
mockIM4p4L1,3456ff6251490eea3e12040d3e345c65,4572,vsearch,basic,mock,mock,libA
mockIM4p4L1,443a72aa5f34ea34fd921e6c56388ce3,8298,vsearch,basic,mock,mock,libA
mockIM4p4L1,49337d34e108aaa7b9eed947dfc6a6d7,8606,vsearch,basic,mock,mock,libA
mockIM4p4L1,1cd1ff405bf366c31e72fd99dfd39ede,7562,vsearch,basic,mock,mock,libA
mockIM4p4L1,1c4c22364b2626d57778fdee5980c360,2,vsearch,basic,mock,mock,libA
mockIM4p4L1,098f65da59f0fa927fe804d96cb3dff4,6894,vsearch,basic,mock,mock,libA
mockIM4p4L1,106866132fd52b9d5c96c38bde87c51f,7866,vsearch,basic,mock,mock,libA
mockIM4p4L1,86d824f733d61170ef80a4235cb32238,7208,vsearch,basic,mock,mock,libA
mockIM4p4L1,1a589e45391a7e9fc0b162cd98865888,7363,vsearch,basic,mock,mock,libA
mockIM4p4L1,7f8765e7a170252a49c619116f0cfbfa,7617,vsearch,basic,mock,mock,libA
mockIM4p4L1,84efcdc4397b06db856a314c95b0ab2e,5481,vsearch,basic,mock,mock,libA
mockIM4p4L1,55a17d8326442d559967b1c9445390bf,6329,vsearch,basic,mock,mock,libA
mockIM4p4L1,6061194e627ad662d7d6a7ae178166e9,6,vsearch,basic,mock,mock,libA
mockIM4p4L1,821aa64611daa3da216572e13a62b9ce,7087,vsearch,basic,mock,mock,libA
mockIM4p4L1,5592a4d77978f1271b28d3058d03e55d,6549,vsearch,basic,mock,mock,libA
mockIM4p4L2,0853a883ea800fe3fd8cfde4f2ff0d5f,5,vsearch,basic,mock,mock,libB
mockIM4p4L2,19b15068add9c22b572c309576d98259,13,vsearch,basic,mock,mock,libB
mockIM4p4L2,3019836df83e332ce59481161afca490,6,vsearch,basic,mock,mock,libB
mockIM4p4L2,49337d34e108aaa7b9eed947dfc6a6d7,19966,vsearch,basic,mock,mock,libB
mockIM4p4L2,098f65da59f0fa927fe804d96cb3dff4,17456,vsearch,basic,mock,mock,libB
mockIM4p4L2,106866132fd52b9d5c96c38bde87c51f,18082,vsearch,basic,mock,mock,libB
mockIM4p4L2,7f8765e7a170252a49c619116f0cfbfa,17324,vsearch,basic,mock,mock,libB
mockIM4p4L2,5592a4d77978f1271b28d3058d03e55d,16057,vsearch,basic,mock,mock,libB
mockIM4p4L2,55a17d8326442d559967b1c9445390bf,15008,vsearch,basic,mock,mock,libB
mockIM4p4L2,719542bfb0f337f545382bf974c81337,7,vsearch,basic,mock,mock,libB
mockIM4p4L2,1a589e45391a7e9fc0b162cd98865888,18235,vsearch,basic,mock,mock,libB
mockIM4p4L2,1cd1ff405bf366c31e72fd99dfd39ede,16966,vsearch,basic,mock,mock,libB
mockIM4p4L2,21fe30e900fea8f7e01c2fb4fa93ec77,8,vsearch,basic,mock,mock,libB
mockIM4p4L2,443a72aa5f34ea34fd921e6c56388ce3,20131,vsearch,basic,mock,mock,libB
mockIM4p4L2,3456ff6251490eea3e12040d3e345c65,11693,vsearch,basic,mock,mock,libB
mockIM4p4L2,38266d9f6aa0062dc3abecfdf193dc33,10679,vsearch,basic,mock,mock,libB
mockIM4p4L2,3bccc7419ed71054e8d594ffa35fe0c6,5,vsearch,basic,mock,mock,libB
mockIM4p4L2,a6152ff903092bda54f1fe77a3167563,22094,vsearch,basic,mock,mock,libB
mockIM4p4L2,aea4dfce56b29e85d72e79b1453366e4,17113,vsearch,basic,mock,mock,libB
mockIM4p4L2,b99c08005333658beab17599501d1b13,5,vsearch,basic,mock,mock,libB
mockIM4p4L2,c753f823a8823c373321618db6ba8e30,19736,vsearch,basic,mock,mock,libB
mockIM4p4L2,e0425a63c5717f2c0bfc70a1886275f4,14362,vsearch,basic,mock,mock,libB
mockIM4p4L2,eb3a4a579b410351b538a2510c37a56c,4,vsearch,basic,mock,mock,libB
mockIM4p4L2,f1e2e46d9d39da02757f2e3e3c2a62e5,12897,vsearch,basic,mock,mock,libB
mockIM4p4L2,821aa64611daa3da216572e13a62b9ce,18390,vsearch,basic,mock,mock,libB
mockIM4p4L2,899f39fc558547da06b0737419092c95,13686,vsearch,basic,mock,mock,libB
mockIM4p4L2,a33e9d5dcc6aebafe47272127f7f4b4f,19097,vsearch,basic,mock,mock,libB
mockIM4p4L2,f51974df289e803808177a78bdf311e2,16749,vsearch,basic,mock,mock,libB
mockIM4p4L2,f6a5686e762060e92089709944306a6a,15415,vsearch,basic,mock,mock,libB
mockIM4p4L2,a1bf48aed3403b048276c6c7541b6b82,21669,vsearch,basic,mock,mock,libB
mockIM4p4L2,86d824f733d61170ef80a4235cb32238,16887,vsearch,basic,mock,mock,libB
mockIM4p4L2,84efcdc4397b06db856a314c95b0ab2e,13627,vsearch,basic,mock,mock,libB
mockIM4p7L1,f51974df289e803808177a78bdf311e2,9446,vsearch,basic,mock,mock,libC
mockIM4p7L1,f6a5686e762060e92089709944306a6a,8737,vsearch,basic,mock,mock,libC
mockIM4p7L1,f1e2e46d9d39da02757f2e3e3c2a62e5,6585,vsearch,basic,mock,mock,libC
mockIM4p7L1,a33e9d5dcc6aebafe47272127f7f4b4f,10310,vsearch,basic,mock,mock,libC
mockIM4p7L1,937734275b3e7b4640969c48a56b421a,5,vsearch,basic,mock,mock,libC
mockIM4p7L1,a1bf48aed3403b048276c6c7541b6b82,10184,vsearch,basic,mock,mock,libC
mockIM4p7L1,c753f823a8823c373321618db6ba8e30,10197,vsearch,basic,mock,mock,libC
mockIM4p7L1,dd7d351d61b07cc898433c44c578ec1c,4,vsearch,basic,mock,mock,libC
mockIM4p7L1,e0425a63c5717f2c0bfc70a1886275f4,7383,vsearch,basic,mock,mock,libC
mockIM4p7L1,a6152ff903092bda54f1fe77a3167563,11416,vsearch,basic,mock,mock,libC
mockIM4p7L1,aea4dfce56b29e85d72e79b1453366e4,9805,vsearch,basic,mock,mock,libC
mockIM4p7L1,c533626259d8a8ebb77bcdf91d4cfb48,6,vsearch,basic,mock,mock,libC
mockIM4p7L1,55a17d8326442d559967b1c9445390bf,8203,vsearch,basic,mock,mock,libC
mockIM4p7L1,7f8765e7a170252a49c619116f0cfbfa,9876,vsearch,basic,mock,mock,libC
mockIM4p7L1,821aa64611daa3da216572e13a62b9ce,8968,vsearch,basic,mock,mock,libC
mockIM4p7L1,84efcdc4397b06db856a314c95b0ab2e,7074,vsearch,basic,mock,mock,libC
mockIM4p7L1,86d824f733d61170ef80a4235cb32238,8566,vsearch,basic,mock,mock,libC
mockIM4p7L1,91a7a6e7f28d21c7ced7dc3df389efcf,3,vsearch,basic,mock,mock,libC
mockIM4p7L1,17e9cae9edb25dc924d384431348c22f,8,vsearch,basic,mock,mock,libC
mockIM4p7L1,098f65da59f0fa927fe804d96cb3dff4,8313,vsearch,basic,mock,mock,libC
mockIM4p7L1,106866132fd52b9d5c96c38bde87c51f,9456,vsearch,basic,mock,mock,libC
mockIM4p7L1,3456ff6251490eea3e12040d3e345c65,5742,vsearch,basic,mock,mock,libC
mockIM4p7L1,1a589e45391a7e9fc0b162cd98865888,7427,vsearch,basic,mock,mock,libC
mockIM4p7L1,1cd1ff405bf366c31e72fd99dfd39ede,9132,vsearch,basic,mock,mock,libC
mockIM4p7L1,1eddc0a4d718b1d125f5a1875cf2a531,5,vsearch,basic,mock,mock,libC
mockIM4p7L1,5592a4d77978f1271b28d3058d03e55d,8485,vsearch,basic,mock,mock,libC
mockIM4p7L1,38266d9f6aa0062dc3abecfdf193dc33,5342,vsearch,basic,mock,mock,libC
mockIM4p7L1,443a72aa5f34ea34fd921e6c56388ce3,10464,vsearch,basic,mock,mock,libC
mockIM4p7L1,49337d34e108aaa7b9eed947dfc6a6d7,10886,vsearch,basic,mock,mock,libC
mockIM4p7L1,899f39fc558547da06b0737419092c95,6871,vsearch,basic,mock,mock,libC
mockIM4p7L1,3019836df83e332ce59481161afca490,3,vsearch,basic,mock,mock,libC
mockIM4p7L2,c5098366c5ba2170bb0bdbb4ebb969cf,14,vsearch,basic,mock,mock,libD
mockIM4p7L2,c533626259d8a8ebb77bcdf91d4cfb48,6,vsearch,basic,mock,mock,libD
mockIM4p7L2,c753f823a8823c373321618db6ba8e30,49280,vsearch,basic,mock,mock,libD
mockIM4p7L2,e0425a63c5717f2c0bfc70a1886275f4,36875,vsearch,basic,mock,mock,libD
mockIM4p7L2,e7cf8febd22a81f1f6ad53ade6117fe5,12,vsearch,basic,mock,mock,libD
mockIM4p7L2,eb3a4a579b410351b538a2510c37a56c,10,vsearch,basic,mock,mock,libD
mockIM4p7L2,ef84ca30c9049205e65e13f0ba7da64a,4,vsearch,basic,mock,mock,libD
mockIM4p7L2,f1e2e46d9d39da02757f2e3e3c2a62e5,32644,vsearch,basic,mock,mock,libD
mockIM4p7L2,f3a3d06ac23f53504f35632c0ee0b750,8,vsearch,basic,mock,mock,libD
mockIM4p7L2,f51974df289e803808177a78bdf311e2,44938,vsearch,basic,mock,mock,libD
mockIM4p7L2,f6a5686e762060e92089709944306a6a,45578,vsearch,basic,mock,mock,libD
mockIM4p7L2,86d824f733d61170ef80a4235cb32238,43511,vsearch,basic,mock,mock,libD
mockIM4p7L2,899f39fc558547da06b0737419092c95,36153,vsearch,basic,mock,mock,libD
mockIM4p7L2,924e54e2bb7e72942c009a6dc99878c8,21,vsearch,basic,mock,mock,libD
mockIM4p7L2,937734275b3e7b4640969c48a56b421a,2,vsearch,basic,mock,mock,libD
mockIM4p7L2,997f4a78373f3517a361cf76c4db9a43,10,vsearch,basic,mock,mock,libD
mockIM4p7L2,a1bf48aed3403b048276c6c7541b6b82,49047,vsearch,basic,mock,mock,libD
mockIM4p7L2,a33e9d5dcc6aebafe47272127f7f4b4f,52937,vsearch,basic,mock,mock,libD
mockIM4p7L2,106866132fd52b9d5c96c38bde87c51f,47815,vsearch,basic,mock,mock,libD
mockIM4p7L2,13ef19285dfa5b8075398a7970bfc08b,5,vsearch,basic,mock,mock,libD
mockIM4p7L2,19b15068add9c22b572c309576d98259,23,vsearch,basic,mock,mock,libD
mockIM4p7L2,1a589e45391a7e9fc0b162cd98865888,45803,vsearch,basic,mock,mock,libD
mockIM4p7L2,1cd1ff405bf366c31e72fd99dfd39ede,45090,vsearch,basic,mock,mock,libD
mockIM4p7L2,3019836df83e332ce59481161afca490,13,vsearch,basic,mock,mock,libD
mockIM4p7L2,3456ff6251490eea3e12040d3e345c65,28320,vsearch,basic,mock,mock,libD
mockIM4p7L2,347bb6caf0b7c269c432be50f07eb53f,8,vsearch,basic,mock,mock,libD
mockIM4p7L2,38266d9f6aa0062dc3abecfdf193dc33,25302,vsearch,basic,mock,mock,libD
mockIM4p7L2,390fc0aa03c9dc2e4f74112e47659f7c,9,vsearch,basic,mock,mock,libD
mockIM4p7L2,3bccc7419ed71054e8d594ffa35fe0c6,3,vsearch,basic,mock,mock,libD
mockIM4p7L2,443a72aa5f34ea34fd921e6c56388ce3,46603,vsearch,basic,mock,mock,libD
mockIM4p7L2,a44c771f6365558777fa16f813857f90,5,vsearch,basic,mock,mock,libD
mockIM4p7L2,a6152ff903092bda54f1fe77a3167563,55159,vsearch,basic,mock,mock,libD
mockIM4p7L2,aea4dfce56b29e85d72e79b1453366e4,50338,vsearch,basic,mock,mock,libD
mockIM4p7L2,ba3fbad2c82d3740432b1e58a910abf7,4,vsearch,basic,mock,mock,libD
mockIM4p7L2,bab0d3359ede10717fa2c97b58dbb56b,9,vsearch,basic,mock,mock,libD
mockIM4p7L2,06cc5faccebfed1ae42d5fd81c826cb1,16,vsearch,basic,mock,mock,libD
mockIM4p7L2,0853a883ea800fe3fd8cfde4f2ff0d5f,11,vsearch,basic,mock,mock,libD
mockIM4p7L2,098f65da59f0fa927fe804d96cb3dff4,41936,vsearch,basic,mock,mock,libD
mockIM4p7L2,5592a4d77978f1271b28d3058d03e55d,41928,vsearch,basic,mock,mock,libD
mockIM4p7L2,55a17d8326442d559967b1c9445390bf,40999,vsearch,basic,mock,mock,libD
mockIM4p7L2,7a6aaff38eb5f3153417cb86c7041497,2,vsearch,basic,mock,mock,libD
mockIM4p7L2,7f8765e7a170252a49c619116f0cfbfa,51090,vsearch,basic,mock,mock,libD
mockIM4p7L2,821aa64611daa3da216572e13a62b9ce,44221,vsearch,basic,mock,mock,libD
mockIM4p7L2,84efcdc4397b06db856a314c95b0ab2e,33593,vsearch,basic,mock,mock,libD
mockIM4p7L2,49337d34e108aaa7b9eed947dfc6a6d7,58697,vsearch,basic,mock,mock,libD
