Sample Name	Sample title	BioProject Accession	Organism	host	isolation source	collection date	geographic location	latitude and longitude	Sample type	Isolate
bri160138		PRJNA518082	not collected		feces metagenome	2016-06-18	USA: Acadia National Park ME	not collected	sample	bri160138
bri160139		PRJNA518082	not collected		feces metagenome	2016-06-18	USA: Acadia National Park ME	not collected	sample	bri160139
bri160142		PRJNA518082	not collected		feces metagenome	2016-06-15	USA: Acadia National Park ME	not collected	sample	bri160142
bri160143		PRJNA518082	not collected		feces metagenome	2016-06-15	USA: Acadia National Park ME	not collected	sample	bri160143
bri160145		PRJNA518082	not collected		feces metagenome	2016-06-09	USA: Acadia National Park ME	not collected	sample	bri160145
bri160148		PRJNA518082	not collected		feces metagenome	2016-06-10	USA: Acadia National Park ME	not collected	sample	bri160148
bri160149		PRJNA518082	not collected		feces metagenome	2016-06-10	USA: Acadia National Park ME	not collected	sample	bri160149
bri160151		PRJNA518082	not collected		feces metagenome	2016-06-09	USA: Acadia National Park ME	not collected	sample	bri160151
bri160152		PRJNA518082	not collected		feces metagenome	2016-06-09	USA: Acadia National Park ME	not collected	sample	bri160152
bri160153		PRJNA518082	not collected		feces metagenome	2016-06-09	USA: Acadia National Park ME	not collected	sample	bri160153
bri160154		PRJNA518082	not collected		feces metagenome	2016-06-09	USA: Acadia National Park ME	not collected	sample	bri160154
bri160155		PRJNA518082	not collected		feces metagenome	2016-06-09	USA: Acadia National Park ME	not collected	sample	bri160155
bri160156		PRJNA518082	not collected		feces metagenome	2016-06-09	USA: Acadia National Park ME	not collected	sample	bri160156
bri160157		PRJNA518082	not collected		feces metagenome	2016-06-09	USA: Acadia National Park ME	not collected	sample	bri160157
bri160158		PRJNA518082	not collected		feces metagenome	2016-06-09	USA: Acadia National Park ME	not collected	sample	bri160158
bri160159		PRJNA518082	not collected		feces metagenome	2016-06-08	USA: Acadia National Park ME	not collected	sample	bri160159
bri160161		PRJNA518082	not collected		feces metagenome	2016-05-27	USA: Yorktown Naval Weapons Station VA	not collected	sample	bri160161
bri160162		PRJNA518082	not collected		feces metagenome	2016-05-27	USA: Yorktown Naval Weapons Station VA	not collected	sample	bri160162
bri160406		PRJNA518082	not collected		feces metagenome	2016-07-28	USA: Ely Mine VT	not collected	sample	bri160406
bri160407		PRJNA518082	not collected		feces metagenome	2016-07-28	USA: Ely Mine VT	not collected	sample	bri160407
bri160408		PRJNA518082	not collected		feces metagenome	2016-07-28	USA: Ely Mine VT	not collected	sample	bri160408
bri160409		PRJNA518082	not collected		feces metagenome	2016-07-28	USA: Ely Mine VT	not collected	sample	bri160409
bri160410		PRJNA518082	not collected		feces metagenome	2016-07-28	USA: Ely Mine VT	not collected	sample	bri160410
bri160411		PRJNA518082	not collected		feces metagenome	2016-07-28	USA: Ely Mine VT	not collected	sample	bri160411
bri160412		PRJNA518082	not collected		feces metagenome	2016-07-28	USA: Ely Mine VT	not collected	sample	bri160412
bri160568		PRJNA518082	not collected		feces metagenome	2016-08-22	USA: Ely Mine VT	not collected	sample	bri160568
bri160570		PRJNA518082	not collected		feces metagenome	2016-08-22	USA: Ely Mine VT	not collected	sample	bri160570
bri160571		PRJNA518082	not collected		feces metagenome	2016-08-22	USA: Ely Mine VT	not collected	sample	bri160571
bri160572		PRJNA518082	not collected		feces metagenome	2016-08-22	USA: Ely Mine VT	not collected	sample	bri160572
bri160573		PRJNA518082	not collected		feces metagenome	2016-08-22	USA: Ely Mine VT	not collected	sample	bri160573
bri160575		PRJNA518082	not collected		feces metagenome	2016-08-22	USA: Ely Mine VT	not collected	sample	bri160575
bri160576		PRJNA518082	not collected		feces metagenome	2016-08-22	USA: Ely Mine VT	not collected	sample	bri160576
bri160577		PRJNA518082	not collected		feces metagenome	2016-08-22	USA: Ely Mine VT	not collected	sample	bri160577
bri160579		PRJNA518082	not collected		feces metagenome	2016-08-23	USA: Ely Mine VT	not collected	sample	bri160579
bri160580		PRJNA518082	not collected		feces metagenome	2016-08-23	USA: Ely Mine VT	not collected	sample	bri160580
bri160581		PRJNA518082	not collected		feces metagenome	2016-08-23	USA: Ely Mine VT	not collected	sample	bri160581
bri160582		PRJNA518082	not collected		feces metagenome	2016-08-23	USA: Ely Mine VT	not collected	sample	bri160582
bri160583		PRJNA518082	not collected		feces metagenome	2016-08-23	USA: Ely Mine VT	not collected	sample	bri160583
bri160584		PRJNA518082	not collected		feces metagenome	2016-08-23	USA: Ely Mine VT	not collected	sample	bri160584
bri160585		PRJNA518082	not collected		feces metagenome	2016-08-23	USA: Ely Mine VT	not collected	sample	bri160585
bri160586		PRJNA518082	not collected		feces metagenome	2016-08-23	USA: Ely Mine VT	not collected	sample	bri160586
bri160587		PRJNA518082	not collected		feces metagenome	2016-08-23	USA: Ely Mine VT	not collected	sample	bri160587
bri160588		PRJNA518082	not collected		feces metagenome	2016-08-23	USA: Ely Mine VT	not collected	sample	bri160588
bri160589		PRJNA518082	not collected		feces metagenome	2016-08-23	USA: Ely Mine VT	not collected	sample	bri160589
bri160600		PRJNA518082	not collected		feces metagenome	2016-08-24	USA: Ely Mine VT	not collected	sample	bri160600
bri160601		PRJNA518082	not collected		feces metagenome	2016-08-24	USA: Ely Mine VT	not collected	sample	bri160601
bri160602		PRJNA518082	not collected		feces metagenome	2016-08-24	USA: Ely Mine VT	not collected	sample	bri160602
bri160604		PRJNA518082	not collected		feces metagenome	2016-08-24	USA: Ely Mine VT	not collected	sample	bri160604
bri160605		PRJNA518082	not collected		feces metagenome	2016-08-24	USA: Ely Mine VT	not collected	sample	bri160605
bri160606		PRJNA518082	not collected		feces metagenome	2016-08-24	USA: Ely Mine VT	not collected	sample	bri160606
bri160607		PRJNA518082	not collected		feces metagenome	2016-08-30	USA: Ely Mine VT	not collected	sample	bri160607
bri160608		PRJNA518082	not collected		feces metagenome	2016-08-30	USA: Ely Mine VT	not collected	sample	bri160608
bri160609		PRJNA518082	not collected		feces metagenome	2016-08-31	USA: Ely Mine VT	not collected	sample	bri160609
bri160610		PRJNA518082	not collected		feces metagenome	2016-08-31	USA: Ely Mine VT	not collected	sample	bri160610
bri160611		PRJNA518082	not collected		feces metagenome	2016-09-02	USA: Ely Mine VT	not collected	sample	bri160611
bri160612		PRJNA518082	not collected		feces metagenome	2016-09-07	USA: Ely Mine VT	not collected	sample	bri160612
bri160751		PRJNA518082	not collected		feces metagenome	2016-09-27	USA: Ely Mine VT	not collected	sample	bri160751
oro161520		PRJNA518082	not collected		feces metagenome	2016-07-13	USA: Canterbury NH	not collected	sample	oro161520
oro161521		PRJNA518082	not collected		feces metagenome	2016-07-13	USA: Canterbury NH	not collected	sample	oro161521
oro161522		PRJNA518082	not collected		feces metagenome	2016-07-13	USA: Canterbury NH	not collected	sample	oro161522
oro161523		PRJNA518082	not collected		feces metagenome	2016-07-13	USA: Canterbury NH	not collected	sample	oro161523
oro161524		PRJNA518082	not collected		feces metagenome	2016-07-13	USA: Canterbury NH	not collected	sample	oro161524
oro161525		PRJNA518082	not collected		feces metagenome	2016-07-13	USA: Canterbury NH	not collected	sample	oro161525
oro161526		PRJNA518082	not collected		feces metagenome	2016-07-13	USA: Canterbury NH	not collected	sample	oro161526
oro161527		PRJNA518082	not collected		feces metagenome	2016-07-13	USA: Canterbury NH	not collected	sample	oro161527
oro161528		PRJNA518082	not collected		feces metagenome	2016-07-13	USA: Canterbury NH	not collected	sample	oro161528
oro161529		PRJNA518082	not collected		feces metagenome	2016-07-13	USA: Canterbury NH	not collected	sample	oro161529
oro161530		PRJNA518082	not collected		feces metagenome	2016-07-13	USA: Canterbury NH	not collected	sample	oro161530
oro161531		PRJNA518082	not collected		feces metagenome	2016-07-13	USA: Canterbury NH	not collected	sample	oro161531
oro162484		PRJNA518082	not collected		feces metagenome	2016-07-18	USA: Maple Hill Hollis NH	not collected	sample	oro162484
oro162485		PRJNA518082	not collected		feces metagenome	2016-07-18	USA: Maple Hill Hollis NH	not collected	sample	oro162485
oro162486		PRJNA518082	not collected		feces metagenome	2016-07-18	USA: Maple Hill Hollis NH	not collected	sample	oro162486
oro162487		PRJNA518082	not collected		feces metagenome	2016-07-18	USA: Maple Hill Hollis NH	not collected	sample	oro162487
oro162488		PRJNA518082	not collected		feces metagenome	2016-07-18	USA: Maple Hill Hollis NH	not collected	sample	oro162488
oro162489		PRJNA518082	not collected		feces metagenome	2016-07-18	USA: Maple Hill Hollis NH	not collected	sample	oro162489
oro162490		PRJNA518082	not collected		feces metagenome	2016-07-18	USA: Maple Hill Hollis NH	not collected	sample	oro162490
oro162491		PRJNA518082	not collected		feces metagenome	2016-07-18	USA: Maple Hill Hollis NH	not collected	sample	oro162491
oro162492		PRJNA518082	not collected		feces metagenome	2016-07-18	USA: Maple Hill Hollis NH	not collected	sample	oro162492
oro162493		PRJNA518082	not collected		feces metagenome	2016-07-18	USA: Maple Hill Hollis NH	not collected	sample	oro162493
oro162495		PRJNA518082	not collected		feces metagenome	2016-07-18	USA: Maple Hill Hollis NH	not collected	sample	oro162495
oro162496		PRJNA518082	not collected		feces metagenome	2016-07-30	USA: Maple Hill Hollis NH	not collected	sample	oro162496
oro162497		PRJNA518082	not collected		feces metagenome	2016-07-30	USA: Maple Hill Hollis NH	not collected	sample	oro162497
oro162498		PRJNA518082	not collected		feces metagenome	2016-07-30	USA: Maple Hill Hollis NH	not collected	sample	oro162498
oro162499		PRJNA518082	not collected		feces metagenome	2016-07-30	USA: Maple Hill Hollis NH	not collected	sample	oro162499
oro162500		PRJNA518082	not collected		feces metagenome	2016-07-30	USA: Maple Hill Hollis NH	not collected	sample	oro162500
oro162501		PRJNA518082	not collected		feces metagenome	2016-07-30	USA: Maple Hill Hollis NH	not collected	sample	oro162501
oro162502		PRJNA518082	not collected		feces metagenome	2016-07-30	USA: Maple Hill Hollis NH	not collected	sample	oro162502
oro162503		PRJNA518082	not collected		feces metagenome	2016-07-30	USA: Maple Hill Hollis NH	not collected	sample	oro162503
oro162504		PRJNA518082	not collected		feces metagenome	2016-07-30	USA: Maple Hill Hollis NH	not collected	sample	oro162504
oro162507		PRJNA518082	not collected		feces metagenome	2016-07-30	USA: Maple Hill Hollis NH	not collected	sample	oro162507
oro162508		PRJNA518082	not collected		feces metagenome	2016-08-05	USA: Maple Hill Hollis NH	not collected	sample	oro162508
oro162509		PRJNA518082	not collected		feces metagenome	2016-08-05	USA: Maple Hill Hollis NH	not collected	sample	oro162509
oro162510		PRJNA518082	not collected		feces metagenome	2016-08-05	USA: Maple Hill Hollis NH	not collected	sample	oro162510
oro162511		PRJNA518082	not collected		feces metagenome	2016-08-05	USA: Maple Hill Hollis NH	not collected	sample	oro162511
oro162512		PRJNA518082	not collected		feces metagenome	2016-08-05	USA: Maple Hill Hollis NH	not collected	sample	oro162512
oro162513		PRJNA518082	not collected		feces metagenome	2016-08-05	USA: Maple Hill Hollis NH	not collected	sample	oro162513
oro162514		PRJNA518082	not collected		feces metagenome	2016-08-05	USA: Maple Hill Hollis NH	not collected	sample	oro162514
oro162515		PRJNA518082	not collected		feces metagenome	2016-08-05	USA: Maple Hill Hollis NH	not collected	sample	oro162515
oro162517		PRJNA518082	not collected		feces metagenome	2016-08-05	USA: Maple Hill Hollis NH	not collected	sample	oro162517
oro162518		PRJNA518082	not collected		feces metagenome	2016-08-05	USA: Maple Hill Hollis NH	not collected	sample	oro162518
oro162519		PRJNA518082	not collected		feces metagenome	2016-08-05	USA: Maple Hill Hollis NH	not collected	sample	oro162519
oro162520		PRJNA518082	not collected		feces metagenome	2016-09-02	USA: Maple Hill Hollis NH	not collected	sample	oro162520
oro162521		PRJNA518082	not collected		feces metagenome	2016-09-02	USA: Maple Hill Hollis NH	not collected	sample	oro162521
oro162522		PRJNA518082	not collected		feces metagenome	2016-09-02	USA: Maple Hill Hollis NH	not collected	sample	oro162522
oro162523		PRJNA518082	not collected		feces metagenome	2016-09-02	USA: Maple Hill Hollis NH	not collected	sample	oro162523
oro162524		PRJNA518082	not collected		feces metagenome	2016-09-02	USA: Maple Hill Hollis NH	not collected	sample	oro162524
oro162525		PRJNA518082	not collected		feces metagenome	2016-09-02	USA: Maple Hill Hollis NH	not collected	sample	oro162525
oro162526		PRJNA518082	not collected		feces metagenome	2016-09-02	USA: Maple Hill Hollis NH	not collected	sample	oro162526
oro162529		PRJNA518082	not collected		feces metagenome	2016-09-02	USA: Maple Hill Hollis NH	not collected	sample	oro162529
oro162530		PRJNA518082	not collected		feces metagenome	2016-09-02	USA: Maple Hill Hollis NH	not collected	sample	oro162530
oro162531		PRJNA518082	not collected		feces metagenome	2016-09-02	USA: Maple Hill Hollis NH	not collected	sample	oro162531
oro162534		PRJNA518082	not collected		feces metagenome	2016-09-09	USA: Maple Hill Hollis NH	not collected	sample	oro162534
oro162535		PRJNA518082	not collected		feces metagenome	2016-09-09	USA: Maple Hill Hollis NH	not collected	sample	oro162535
oro162536		PRJNA518082	not collected		feces metagenome	2016-09-09	USA: Maple Hill Hollis NH	not collected	sample	oro162536
oro162537		PRJNA518082	not collected		feces metagenome	2016-09-09	USA: Maple Hill Hollis NH	not collected	sample	oro162537
oro162538		PRJNA518082	not collected		feces metagenome	2016-09-09	USA: Maple Hill Hollis NH	not collected	sample	oro162538
oro162541		PRJNA518082	not collected		feces metagenome	2016-09-09	USA: Maple Hill Hollis NH	not collected	sample	oro162541
oro162542		PRJNA518082	not collected		feces metagenome	2016-09-09	USA: Maple Hill Hollis NH	not collected	sample	oro162542
oro162543		PRJNA518082	not collected		feces metagenome	2016-09-09	USA: Maple Hill Hollis NH	not collected	sample	oro162543
oro162544		PRJNA518082	not collected		feces metagenome	2016-09-09	USA: Maple Hill Hollis NH	not collected	sample	oro162544
oro162545		PRJNA518082	not collected		feces metagenome	2016-09-09	USA: Maple Hill Hollis NH	not collected	sample	oro162545
oro162546		PRJNA518082	not collected		feces metagenome	2016-09-16	USA: Maple Hill Hollis NH	not collected	sample	oro162546
oro162547		PRJNA518082	not collected		feces metagenome	2016-09-16	USA: Maple Hill Hollis NH	not collected	sample	oro162547
oro162548		PRJNA518082	not collected		feces metagenome	2016-09-16	USA: Maple Hill Hollis NH	not collected	sample	oro162548
oro162549		PRJNA518082	not collected		feces metagenome	2016-09-16	USA: Maple Hill Hollis NH	not collected	sample	oro162549
oro162551		PRJNA518082	not collected		feces metagenome	2016-09-16	USA: Maple Hill Hollis NH	not collected	sample	oro162551
oro162552		PRJNA518082	not collected		feces metagenome	2016-09-16	USA: Maple Hill Hollis NH	not collected	sample	oro162552
oro162554		PRJNA518082	not collected		feces metagenome	2016-09-16	USA: Maple Hill Hollis NH	not collected	sample	oro162554
oro162555		PRJNA518082	not collected		feces metagenome	2016-09-16	USA: Maple Hill Hollis NH	not collected	sample	oro162555
oro162557		PRJNA518082	not collected		feces metagenome	2016-09-16	USA: Maple Hill Hollis NH	not collected	sample	oro162557
oro162561		PRJNA518082	not collected		feces metagenome	2016-09-21	USA: Maple Hill Hollis NH	not collected	sample	oro162561
oro162562		PRJNA518082	not collected		feces metagenome	2016-09-21	USA: Maple Hill Hollis NH	not collected	sample	oro162562
oro162563		PRJNA518082	not collected		feces metagenome	2016-09-21	USA: Maple Hill Hollis NH	not collected	sample	oro162563
oro162564		PRJNA518082	not collected		feces metagenome	2016-09-21	USA: Maple Hill Hollis NH	not collected	sample	oro162564
oro162565		PRJNA518082	not collected		feces metagenome	2016-09-21	USA: Maple Hill Hollis NH	not collected	sample	oro162565
oro162566		PRJNA518082	not collected		feces metagenome	2016-09-21	USA: Maple Hill Hollis NH	not collected	sample	oro162566
oro162567		PRJNA518082	not collected		feces metagenome	2016-09-21	USA: Maple Hill Hollis NH	not collected	sample	oro162567
oro162568		PRJNA518082	not collected		feces metagenome	2016-09-21	USA: Maple Hill Hollis NH	not collected	sample	oro162568
oro162570		PRJNA518082	not collected		feces metagenome	2016-10-01	USA: Maple Hill Hollis NH	not collected	sample	oro162570
oro162571		PRJNA518082	not collected		feces metagenome	2016-10-01	USA: Maple Hill Hollis NH	not collected	sample	oro162571
oro162572		PRJNA518082	not collected		feces metagenome	2016-10-01	USA: Maple Hill Hollis NH	not collected	sample	oro162572
oro162573		PRJNA518082	not collected		feces metagenome	2016-10-01	USA: Maple Hill Hollis NH	not collected	sample	oro162573
oro162654		PRJNA518082	not collected		feces metagenome	2016-08-26	USA: Brown Lane Hollis NH	not collected	sample	oro162654
oro162655		PRJNA518082	not collected		feces metagenome	2016-08-26	USA: Brown Lane Hollis NH	not collected	sample	oro162655
oro162656		PRJNA518082	not collected		feces metagenome	2016-08-26	USA: Brown Lane Hollis NH	not collected	sample	oro162656
oro162657		PRJNA518082	not collected		feces metagenome	2016-08-26	USA: Brown Lane Hollis NH	not collected	sample	oro162657
oro162658		PRJNA518082	not collected		feces metagenome	2016-09-02	USA: Brown Lane Hollis NH	not collected	sample	oro162658
oro162659		PRJNA518082	not collected		feces metagenome	2016-09-02	USA: Brown Lane Hollis NH	not collected	sample	oro162659
oro162660		PRJNA518082	not collected		feces metagenome	2016-09-02	USA: Brown Lane Hollis NH	not collected	sample	oro162660
oro162661		PRJNA518082	not collected		feces metagenome	2016-09-02	USA: Brown Lane Hollis NH	not collected	sample	oro162661
oro162662		PRJNA518082	not collected		feces metagenome	2016-09-02	USA: Brown Lane Hollis NH	not collected	sample	oro162662
oro162663		PRJNA518082	not collected		feces metagenome	2016-09-02	USA: Brown Lane Hollis NH	not collected	sample	oro162663
oro162664		PRJNA518082	not collected		feces metagenome	2016-09-02	USA: Brown Lane Hollis NH	not collected	sample	oro162664
oro162665		PRJNA518082	not collected		feces metagenome	2016-09-02	USA: Brown Lane Hollis NH	not collected	sample	oro162665
oro162666		PRJNA518082	not collected		feces metagenome	2016-09-02	USA: Brown Lane Hollis NH	not collected	sample	oro162666
oro162667		PRJNA518082	not collected		feces metagenome	2016-09-02	USA: Brown Lane Hollis NH	not collected	sample	oro162667
oro162668		PRJNA518082	not collected		feces metagenome	2016-09-02	USA: Brown Lane Hollis NH	not collected	sample	oro162668
oro162669		PRJNA518082	not collected		feces metagenome	2016-09-02	USA: Brown Lane Hollis NH	not collected	sample	oro162669
oro162670		PRJNA518082	not collected		feces metagenome	2016-09-09	USA: Brown Lane Hollis NH	not collected	sample	oro162670
oro162671		PRJNA518082	not collected		feces metagenome	2016-09-09	USA: Brown Lane Hollis NH	not collected	sample	oro162671
oro162672		PRJNA518082	not collected		feces metagenome	2016-09-09	USA: Brown Lane Hollis NH	not collected	sample	oro162672
oro162673		PRJNA518082	not collected		feces metagenome	2016-09-09	USA: Brown Lane Hollis NH	not collected	sample	oro162673
oro162674		PRJNA518082	not collected		feces metagenome	2016-09-09	USA: Brown Lane Hollis NH	not collected	sample	oro162674
oro162675		PRJNA518082	not collected		feces metagenome	2016-09-09	USA: Brown Lane Hollis NH	not collected	sample	oro162675
oro162676		PRJNA518082	not collected		feces metagenome	2016-09-09	USA: Brown Lane Hollis NH	not collected	sample	oro162676
oro162677		PRJNA518082	not collected		feces metagenome	2016-09-09	USA: Brown Lane Hollis NH	not collected	sample	oro162677
oro162678		PRJNA518082	not collected		feces metagenome	2016-09-09	USA: Brown Lane Hollis NH	not collected	sample	oro162678
oro162685		PRJNA518082	not collected		feces metagenome	2016-09-16	USA: Brown Lane Hollis NH	not collected	sample	oro162685
oro162689		PRJNA518082	not collected		feces metagenome	2016-09-16	USA: Brown Lane Hollis NH	not collected	sample	oro162689
oro162690		PRJNA518082	not collected		feces metagenome	2016-09-16	USA: Brown Lane Hollis NH	not collected	sample	oro162690
oro162691		PRJNA518082	not collected		feces metagenome	2016-09-16	USA: Brown Lane Hollis NH	not collected	sample	oro162691
oro162692		PRJNA518082	not collected		feces metagenome	2016-09-16	USA: Brown Lane Hollis NH	not collected	sample	oro162692
oro162693		PRJNA518082	not collected		feces metagenome	2016-09-16	USA: Brown Lane Hollis NH	not collected	sample	oro162693
oro162694		PRJNA518082	not collected		feces metagenome	2016-09-16	USA: Brown Lane Hollis NH	not collected	sample	oro162694
oro162695		PRJNA518082	not collected		feces metagenome	2016-09-16	USA: Brown Lane Hollis NH	not collected	sample	oro162695
oro162696		PRJNA518082	not collected		feces metagenome	2016-09-25	USA: Brown Lane Hollis NH	not collected	sample	oro162696
oro162697		PRJNA518082	not collected		feces metagenome	2016-09-25	USA: Brown Lane Hollis NH	not collected	sample	oro162697
oro162698		PRJNA518082	not collected		feces metagenome	2016-09-25	USA: Brown Lane Hollis NH	not collected	sample	oro162698
oro162699		PRJNA518082	not collected		feces metagenome	2016-09-25	USA: Brown Lane Hollis NH	not collected	sample	oro162699
oro162700		PRJNA518082	not collected		feces metagenome	2016-09-25	USA: Brown Lane Hollis NH	not collected	sample	oro162700
oro162701		PRJNA518082	not collected		feces metagenome	2016-09-25	USA: Brown Lane Hollis NH	not collected	sample	oro162701
oro162702		PRJNA518082	not collected		feces metagenome	2016-09-25	USA: Brown Lane Hollis NH	not collected	sample	oro162702
oro162703		PRJNA518082	not collected		feces metagenome	2016-09-25	USA: Brown Lane Hollis NH	not collected	sample	oro162703
oro162704		PRJNA518082	not collected		feces metagenome	2016-09-25	USA: Brown Lane Hollis NH	not collected	sample	oro162704
oro162705		PRJNA518082	not collected		feces metagenome	2016-09-25	USA: Brown Lane Hollis NH	not collected	sample	oro162705
oro162706		PRJNA518082	not collected		feces metagenome	2016-09-25	USA: Brown Lane Hollis NH	not collected	sample	oro162706
oro162707		PRJNA518082	not collected		feces metagenome	2016-09-25	USA: Brown Lane Hollis NH	not collected	sample	oro162707
oro162734		PRJNA518082	not collected		feces metagenome	2016-08-22	USA: Canterbury NH	not collected	sample	oro162734
oro162735		PRJNA518082	not collected		feces metagenome	2016-08-22	USA: Canterbury NH	not collected	sample	oro162735
oro162736		PRJNA518082	not collected		feces metagenome	2016-08-22	USA: Canterbury NH	not collected	sample	oro162736
oro162737		PRJNA518082	not collected		feces metagenome	2016-08-22	USA: Canterbury NH	not collected	sample	oro162737
oro162738		PRJNA518082	not collected		feces metagenome	2016-08-22	USA: Canterbury NH	not collected	sample	oro162738
oro162739		PRJNA518082	not collected		feces metagenome	2016-08-22	USA: Canterbury NH	not collected	sample	oro162739
oro162740		PRJNA518082	not collected		feces metagenome	2016-08-22	USA: Canterbury NH	not collected	sample	oro162740
oro162741		PRJNA518082	not collected		feces metagenome	2016-08-22	USA: Canterbury NH	not collected	sample	oro162741
oro162742		PRJNA518082	not collected		feces metagenome	2016-08-22	USA: Canterbury NH	not collected	sample	oro162742
oro162743		PRJNA518082	not collected		feces metagenome	2016-08-22	USA: Canterbury NH	not collected	sample	oro162743
oro162744		PRJNA518082	not collected		feces metagenome	2016-08-22	USA: Canterbury NH	not collected	sample	oro162744
oro162745		PRJNA518082	not collected		feces metagenome	2016-08-22	USA: Canterbury NH	not collected	sample	oro162745
oro162746		PRJNA518082	not collected		feces metagenome	2016-08-30	USA: Canterbury NH	not collected	sample	oro162746
oro162747		PRJNA518082	not collected		feces metagenome	2016-08-30	USA: Canterbury NH	not collected	sample	oro162747
oro162748		PRJNA518082	not collected		feces metagenome	2016-08-30	USA: Canterbury NH	not collected	sample	oro162748
oro162749		PRJNA518082	not collected		feces metagenome	2016-08-30	USA: Canterbury NH	not collected	sample	oro162749
oro162751		PRJNA518082	not collected		feces metagenome	2016-08-30	USA: Canterbury NH	not collected	sample	oro162751
oro162754		PRJNA518082	not collected		feces metagenome	2016-08-30	USA: Canterbury NH	not collected	sample	oro162754
oro162757		PRJNA518082	not collected		feces metagenome	2016-08-30	USA: Canterbury NH	not collected	sample	oro162757
oro162759		PRJNA518082	not collected		feces metagenome	2016-09-06	USA: Canterbury NH	not collected	sample	oro162759
oro162762		PRJNA518082	not collected		feces metagenome	2016-09-06	USA: Canterbury NH	not collected	sample	oro162762
oro162763		PRJNA518082	not collected		feces metagenome	2016-09-06	USA: Canterbury NH	not collected	sample	oro162763
oro162764		PRJNA518082	not collected		feces metagenome	2016-09-06	USA: Canterbury NH	not collected	sample	oro162764
oro162765		PRJNA518082	not collected		feces metagenome	2016-09-06	USA: Canterbury NH	not collected	sample	oro162765
oro162766		PRJNA518082	not collected		feces metagenome	2016-09-06	USA: Canterbury NH	not collected	sample	oro162766
oro162767		PRJNA518082	not collected		feces metagenome	2016-09-06	USA: Canterbury NH	not collected	sample	oro162767
oro162768		PRJNA518082	not collected		feces metagenome	2016-09-06	USA: Canterbury NH	not collected	sample	oro162768
oro162769		PRJNA518082	not collected		feces metagenome	2016-09-06	USA: Canterbury NH	not collected	sample	oro162769
oro162770		PRJNA518082	not collected		feces metagenome	not recorded	USA: Canterbury NH	not collected	sample	oro162770
oro162771		PRJNA518082	not collected		feces metagenome	not recorded	USA: Canterbury NH	not collected	sample	oro162771
oro162773		PRJNA518082	not collected		feces metagenome	not recorded	USA: Canterbury NH	not collected	sample	oro162773
oro162774		PRJNA518082	not collected		feces metagenome	not recorded	USA: Canterbury NH	not collected	sample	oro162774
oro162775		PRJNA518082	not collected		feces metagenome	not recorded	USA: Canterbury NH	not collected	sample	oro162775
oro162776		PRJNA518082	not collected		feces metagenome	not recorded	USA: Canterbury NH	not collected	sample	oro162776
oro162777		PRJNA518082	not collected		feces metagenome	not recorded	USA: Canterbury NH	not collected	sample	oro162777
oro162778		PRJNA518082	not collected		feces metagenome	not recorded	USA: Canterbury NH	not collected	sample	oro162778
oro162779		PRJNA518082	not collected		feces metagenome	not recorded	USA: Canterbury NH	not collected	sample	oro162779
oro162780		PRJNA518082	not collected		feces metagenome	not recorded	USA: Canterbury NH	not collected	sample	oro162780
oro162781		PRJNA518082	not collected		feces metagenome	not recorded	USA: Canterbury NH	not collected	sample	oro162781
oro162782		PRJNA518082	not collected		feces metagenome	not recorded	USA: Canterbury NH	not collected	sample	oro162782
oro162784		PRJNA518082	not collected		feces metagenome	2016-07-20	USA: Canterbury NH	not collected	sample	oro162784
oro162785		PRJNA518082	not collected		feces metagenome	2016-07-20	USA: Canterbury NH	not collected	sample	oro162785
oro162786		PRJNA518082	not collected		feces metagenome	2016-07-20	USA: Canterbury NH	not collected	sample	oro162786
oro162787		PRJNA518082	not collected		feces metagenome	2016-07-20	USA: Canterbury NH	not collected	sample	oro162787
oro162788		PRJNA518082	not collected		feces metagenome	2016-07-20	USA: Canterbury NH	not collected	sample	oro162788
oro162789		PRJNA518082	not collected		feces metagenome	2016-07-20	USA: Canterbury NH	not collected	sample	oro162789
oro162790		PRJNA518082	not collected		feces metagenome	2016-07-20	USA: Canterbury NH	not collected	sample	oro162790
oro162791		PRJNA518082	not collected		feces metagenome	2016-07-20	USA: Canterbury NH	not collected	sample	oro162791
oro162792		PRJNA518082	not collected		feces metagenome	2016-07-20	USA: Canterbury NH	not collected	sample	oro162792
oro162793		PRJNA518082	not collected		feces metagenome	2016-07-20	USA: Canterbury NH	not collected	sample	oro162793
oro162795		PRJNA518082	not collected		feces metagenome	2016-07-20	USA: Canterbury NH	not collected	sample	oro162795
oro162796		PRJNA518082	not collected		feces metagenome	2016-07-27	USA: Canterbury NH	not collected	sample	oro162796
oro162797		PRJNA518082	not collected		feces metagenome	2016-07-27	USA: Canterbury NH	not collected	sample	oro162797
oro162798		PRJNA518082	not collected		feces metagenome	2016-07-27	USA: Canterbury NH	not collected	sample	oro162798
oro162799		PRJNA518082	not collected		feces metagenome	2016-07-27	USA: Canterbury NH	not collected	sample	oro162799
oro162800		PRJNA518082	not collected		feces metagenome	2016-07-27	USA: Canterbury NH	not collected	sample	oro162800
oro162801		PRJNA518082	not collected		feces metagenome	2016-07-27	USA: Canterbury NH	not collected	sample	oro162801
oro162802		PRJNA518082	not collected		feces metagenome	2016-07-27	USA: Canterbury NH	not collected	sample	oro162802
oro162803		PRJNA518082	not collected		feces metagenome	2016-07-27	USA: Canterbury NH	not collected	sample	oro162803
oro162804		PRJNA518082	not collected		feces metagenome	2016-07-27	USA: Canterbury NH	not collected	sample	oro162804
oro162806		PRJNA518082	not collected		feces metagenome	2016-07-27	USA: Canterbury NH	not collected	sample	oro162806
oro162807		PRJNA518082	not collected		feces metagenome	2016-07-27	USA: Canterbury NH	not collected	sample	oro162807
oro162808		PRJNA518082	not collected		feces metagenome	2016-08-07	USA: Canterbury NH	not collected	sample	oro162808
oro162809		PRJNA518082	not collected		feces metagenome	2016-08-07	USA: Canterbury NH	not collected	sample	oro162809
oro162810		PRJNA518082	not collected		feces metagenome	2016-08-07	USA: Canterbury NH	not collected	sample	oro162810
oro162811		PRJNA518082	not collected		feces metagenome	2016-08-07	USA: Canterbury NH	not collected	sample	oro162811
oro162812		PRJNA518082	not collected		feces metagenome	2016-08-07	USA: Canterbury NH	not collected	sample	oro162812
oro162813		PRJNA518082	not collected		feces metagenome	2016-08-07	USA: Canterbury NH	not collected	sample	oro162813
oro162814		PRJNA518082	not collected		feces metagenome	2016-08-07	USA: Canterbury NH	not collected	sample	oro162814
oro162815		PRJNA518082	not collected		feces metagenome	2016-08-07	USA: Canterbury NH	not collected	sample	oro162815
oro162817		PRJNA518082	not collected		feces metagenome	2016-08-07	USA: Canterbury NH	not collected	sample	oro162817
oro162818		PRJNA518082	not collected		feces metagenome	2016-08-07	USA: Canterbury NH	not collected	sample	oro162818
oro162819		PRJNA518082	not collected		feces metagenome	2016-08-07	USA: Canterbury NH	not collected	sample	oro162819
oro162820		PRJNA518082	not collected		feces metagenome	2016-08-15	USA: Canterbury NH	not collected	sample	oro162820
oro162821		PRJNA518082	not collected		feces metagenome	2016-08-15	USA: Canterbury NH	not collected	sample	oro162821
oro162822		PRJNA518082	not collected		feces metagenome	2016-08-15	USA: Canterbury NH	not collected	sample	oro162822
oro162823		PRJNA518082	not collected		feces metagenome	2016-08-15	USA: Canterbury NH	not collected	sample	oro162823
oro162824		PRJNA518082	not collected		feces metagenome	2016-08-15	USA: Canterbury NH	not collected	sample	oro162824
oro162825		PRJNA518082	not collected		feces metagenome	2016-08-15	USA: Canterbury NH	not collected	sample	oro162825
oro162826		PRJNA518082	not collected		feces metagenome	2016-08-15	USA: Canterbury NH	not collected	sample	oro162826
oro162827		PRJNA518082	not collected		feces metagenome	2016-08-15	USA: Canterbury NH	not collected	sample	oro162827
oro162828		PRJNA518082	not collected		feces metagenome	2016-08-15	USA: Canterbury NH	not collected	sample	oro162828
oro162829		PRJNA518082	not collected		feces metagenome	2016-08-15	USA: Canterbury NH	not collected	sample	oro162829
oro162830		PRJNA518082	not collected		feces metagenome	2016-08-15	USA: Canterbury NH	not collected	sample	oro162830
oro162831		PRJNA518082	not collected		feces metagenome	2016-08-15	USA: Canterbury NH	not collected	sample	oro162831
oro162832		PRJNA518082	not collected		feces metagenome	not recorded	USA: Canterbury NH	not collected	sample	oro162832
oro162833		PRJNA518082	not collected		feces metagenome	not recorded	USA: Canterbury NH	not collected	sample	oro162833
negoro37B02		PRJNA518082	not collected		feces metagenome	not applicable	not applicable	not collected	ncontrol	negoro37B02
negoro37F08		PRJNA518082	not collected		feces metagenome	not applicable	not applicable	not collected	ncontrol	negoro37F08
negoro38A01		PRJNA518082	not collected		feces metagenome	not applicable	not applicable	not collected	ncontrol	negoro38A01
negoro38B02		PRJNA518082	not collected		feces metagenome	not applicable	not applicable	not collected	ncontrol	negoro38B02
negoro38D04		PRJNA518082	not collected		feces metagenome	not applicable	not applicable	not collected	ncontrol	negoro38D04
negoro38E05		PRJNA518082	not collected		feces metagenome	not applicable	not applicable	not collected	ncontrol	negoro38E05
negoro38F06		PRJNA518082	not collected		feces metagenome	not applicable	not applicable	not collected	ncontrol	negoro38F06
negoro38G07		PRJNA518082	not collected		feces metagenome	not applicable	not applicable	not collected	ncontrol	negoro38G07
negoro39A01		PRJNA518082	not collected		feces metagenome	not applicable	not applicable	not collected	ncontrol	negoro39A01
negoro39B02		PRJNA518082	not collected		feces metagenome	not applicable	not applicable	not collected	ncontrol	negoro39B02
negoro39D04		PRJNA518082	not collected		feces metagenome	not applicable	not applicable	not collected	ncontrol	negoro39D04
negoro39E05		PRJNA518082	not collected		feces metagenome	not applicable	not applicable	not collected	ncontrol	negoro39E05
negoro39F06		PRJNA518082	not collected		feces metagenome	not applicable	not applicable	not collected	ncontrol	negoro39F06
negoro40B02		PRJNA518082	not collected		feces metagenome	not applicable	not applicable	not collected	ncontrol	negoro40B02
negoro40C03		PRJNA518082	not collected		feces metagenome	not applicable	not applicable	not collected	ncontrol	negoro40C03
negoro40D04		PRJNA518082	not collected		feces metagenome	not applicable	not applicable	not collected	ncontrol	negoro40D04
negoro40E05		PRJNA518082	not collected		feces metagenome	not applicable	not applicable	not collected	ncontrol	negoro40E05
negoro40F06		PRJNA518082	not collected		feces metagenome	not applicable	not applicable	not collected	ncontrol	negoro40F06
negoro40G07		PRJNA518082	not collected		feces metagenome	not applicable	not applicable	not collected	ncontrol	negoro40G07
negoro40H08		PRJNA518082	not collected		feces metagenome	not applicable	not applicable	not collected	ncontrol	negoro40H08
negoro40H09		PRJNA518082	not collected		feces metagenome	not applicable	not applicable	not collected	ncontrol	negoro40H09
negoro40H10		PRJNA518082	not collected		feces metagenome	not applicable	not applicable	not collected	ncontrol	negoro40H10
negoro40H11		PRJNA518082	not collected		feces metagenome	not applicable	not applicable	not collected	ncontrol	negoro40H11
oro164234		PRJNA518082	not collected		feces metagenome	2016-09-03	USA: Chichester NH	not collected	sample	oro164234
oro164235		PRJNA518082	not collected		feces metagenome	2016-09-03	USA: Chichester NH	not collected	sample	oro164235
oro164236		PRJNA518082	not collected		feces metagenome	2016-09-03	USA: Chichester NH	not collected	sample	oro164236
oro164239		PRJNA518082	not collected		feces metagenome	2016-09-03	USA: Chichester NH	not collected	sample	oro164239
oro164240		PRJNA518082	not collected		feces metagenome	2016-09-03	USA: Chichester NH	not collected	sample	oro164240
oro164241		PRJNA518082	not collected		feces metagenome	2016-09-03	USA: Chichester NH	not collected	sample	oro164241
oro164242		PRJNA518082	not collected		feces metagenome	2016-09-03	USA: Chichester NH	not collected	sample	oro164242
oro164243		PRJNA518082	not collected		feces metagenome	2016-09-03	USA: Chichester NH	not collected	sample	oro164243
oro164244		PRJNA518082	not collected		feces metagenome	2016-09-03	USA: Chichester NH	not collected	sample	oro164244
oro164245		PRJNA518082	not collected		feces metagenome	2016-09-03	USA: Chichester NH	not collected	sample	oro164245
oro164246		PRJNA518082	not collected		feces metagenome	2016-09-13	USA: Chichester NH	not collected	sample	oro164246
oro164247		PRJNA518082	not collected		feces metagenome	2016-09-13	USA: Chichester NH	not collected	sample	oro164247
oro164248		PRJNA518082	not collected		feces metagenome	2016-09-13	USA: Chichester NH	not collected	sample	oro164248
oro164250		PRJNA518082	not collected		feces metagenome	2016-09-13	USA: Chichester NH	not collected	sample	oro164250
oro164251		PRJNA518082	not collected		feces metagenome	2016-09-13	USA: Chichester NH	not collected	sample	oro164251
oro164252		PRJNA518082	not collected		feces metagenome	2016-09-13	USA: Chichester NH	not collected	sample	oro164252
oro164253		PRJNA518082	not collected		feces metagenome	2016-09-13	USA: Chichester NH	not collected	sample	oro164253
oro164254		PRJNA518082	not collected		feces metagenome	2016-09-13	USA: Chichester NH	not collected	sample	oro164254
oro164255		PRJNA518082	not collected		feces metagenome	2016-09-13	USA: Chichester NH	not collected	sample	oro164255
oro164256		PRJNA518082	not collected		feces metagenome	2016-09-13	USA: Chichester NH	not collected	sample	oro164256
oro164257		PRJNA518082	not collected		feces metagenome	2016-09-13	USA: Chichester NH	not collected	sample	oro164257
oro164258		PRJNA518082	not collected		feces metagenome	2016-09-28	USA: Chichester NH	not collected	sample	oro164258
oro164259		PRJNA518082	not collected		feces metagenome	2016-09-28	USA: Chichester NH	not collected	sample	oro164259
oro164261		PRJNA518082	not collected		feces metagenome	2016-09-28	USA: Chichester NH	not collected	sample	oro164261
oro164262		PRJNA518082	not collected		feces metagenome	2016-09-28	USA: Chichester NH	not collected	sample	oro164262
oro164263		PRJNA518082	not collected		feces metagenome	2016-09-28	USA: Chichester NH	not collected	sample	oro164263
oro164264		PRJNA518082	not collected		feces metagenome	2016-09-28	USA: Chichester NH	not collected	sample	oro164264
oro164265		PRJNA518082	not collected		feces metagenome	2016-09-28	USA: Chichester NH	not collected	sample	oro164265
oro164266		PRJNA518082	not collected		feces metagenome	2016-09-28	USA: Chichester NH	not collected	sample	oro164266
oro164267		PRJNA518082	not collected		feces metagenome	2016-09-28	USA: Chichester NH	not collected	sample	oro164267
oro164268		PRJNA518082	not collected		feces metagenome	2016-09-28	USA: Chichester NH	not collected	sample	oro164268
oro164269		PRJNA518082	not collected		feces metagenome	2016-09-28	USA: Chichester NH	not collected	sample	oro164269
oro164270		PRJNA518082	not collected		feces metagenome	2016-10-05	USA: Chichester NH	not collected	sample	oro164270
oro164272		PRJNA518082	not collected		feces metagenome	2016-10-05	USA: Chichester NH	not collected	sample	oro164272
oro164273		PRJNA518082	not collected		feces metagenome	2016-10-05	USA: Chichester NH	not collected	sample	oro164273
oro164274		PRJNA518082	not collected		feces metagenome	2016-10-05	USA: Chichester NH	not collected	sample	oro164274
oro164275		PRJNA518082	not collected		feces metagenome	2016-10-05	USA: Chichester NH	not collected	sample	oro164275
oro164276		PRJNA518082	not collected		feces metagenome	2016-10-05	USA: Chichester NH	not collected	sample	oro164276
oro164277		PRJNA518082	not collected		feces metagenome	2016-10-05	USA: Chichester NH	not collected	sample	oro164277
oro164278		PRJNA518082	not collected		feces metagenome	2016-10-05	USA: Chichester NH	not collected	sample	oro164278
oro164279		PRJNA518082	not collected		feces metagenome	2016-10-05	USA: Chichester NH	not collected	sample	oro164279
oro164280		PRJNA518082	not collected		feces metagenome	2016-10-05	USA: Chichester NH	not collected	sample	oro164280
oro164281		PRJNA518082	not collected		feces metagenome	2016-10-05	USA: Chichester NH	not collected	sample	oro164281
oro164385		PRJNA518082	not collected		feces metagenome	2016-09-30	USA: Holderness NH	not collected	sample	oro164385
oro164386		PRJNA518082	not collected		feces metagenome	2016-09-30	USA: Holderness NH	not collected	sample	oro164386
oro164387		PRJNA518082	not collected		feces metagenome	2016-09-30	USA: Holderness NH	not collected	sample	oro164387
oro164388		PRJNA518082	not collected		feces metagenome	2016-10-06	USA: Holderness NH	not collected	sample	oro164388
oro164389		PRJNA518082	not collected		feces metagenome	2016-10-06	USA: Holderness NH	not collected	sample	oro164389
oro164390		PRJNA518082	not collected		feces metagenome	2016-10-06	USA: Holderness NH	not collected	sample	oro164390
oro164391		PRJNA518082	not collected		feces metagenome	2016-10-06	USA: Holderness NH	not collected	sample	oro164391
oro164392		PRJNA518082	not collected		feces metagenome	2016-10-06	USA: Holderness NH	not collected	sample	oro164392
oro164393		PRJNA518082	not collected		feces metagenome	2016-10-06	USA: Holderness NH	not collected	sample	oro164393
oro164394		PRJNA518082	not collected		feces metagenome	2016-10-06	USA: Holderness NH	not collected	sample	oro164394
negoro43B02		PRJNA518082	not collected		feces metagenome	not applicable	not applicable	not collected	ncontrol	negoro43B02
negoro43D04		PRJNA518082	not collected		feces metagenome	not applicable	not applicable	not collected	ncontrol	negoro43D04
negoro43F06		PRJNA518082	not collected		feces metagenome	not applicable	not applicable	not collected	ncontrol	negoro43F06
negoro43G07		PRJNA518082	not collected		feces metagenome	not applicable	not applicable	not collected	ncontrol	negoro43G07
negoro45A01		PRJNA518082	not collected		feces metagenome	not applicable	not applicable	not collected	ncontrol	negoro45A01
negoro45B02		PRJNA518082	not collected		feces metagenome	not applicable	not applicable	not collected	ncontrol	negoro45B02
negoro45C03		PRJNA518082	not collected		feces metagenome	not applicable	not applicable	not collected	ncontrol	negoro45C03
negoro45D04		PRJNA518082	not collected		feces metagenome	not applicable	not applicable	not collected	ncontrol	negoro45D04
negoro45E05		PRJNA518082	not collected		feces metagenome	not applicable	not applicable	not collected	ncontrol	negoro45E05
negbri45F06		PRJNA518082	not collected		feces metagenome	not applicable	not applicable	not collected	ncontrol	negbri45F06
negbri45G07		PRJNA518082	not collected		feces metagenome	not applicable	not applicable	not collected	ncontrol	negbri45G07
negbri45H08		PRJNA518082	not collected		feces metagenome	not applicable	not applicable	not collected	ncontrol	negbri45H08
oro169127		PRJNA518082	not collected		feces metagenome	2016-10-28	USA: Fox State Forest NH	not collected	sample	oro169127
oro169128		PRJNA518082	not collected		feces metagenome	2016-10-28	USA: Fox State Forest NH	not collected	sample	oro169128
oro169129		PRJNA518082	not collected		feces metagenome	2016-10-21	USA: Fox State Forest NH	not collected	sample	oro169129
oro169130		PRJNA518082	not collected		feces metagenome	2016-10-21	USA: Fox State Forest NH	not collected	sample	oro169130
oro169132		PRJNA518082	not collected		feces metagenome	2016-10-21	USA: Fox State Forest NH	not collected	sample	oro169132
oro169133		PRJNA518082	not collected		feces metagenome	2016-10-21	USA: Fox State Forest NH	not collected	sample	oro169133
oro169136		PRJNA518082	not collected		feces metagenome	2016-10-21	USA: Fox State Forest NH	not collected	sample	oro169136
oro169137		PRJNA518082	not collected		feces metagenome	2016-10-21	USA: Fox State Forest NH	not collected	sample	oro169137
oro169139		PRJNA518082	not collected		feces metagenome	2016-10-21	USA: Fox State Forest NH	not collected	sample	oro169139
oro169140		PRJNA518082	not collected		feces metagenome	2016-10-21	USA: Fox State Forest NH	not collected	sample	oro169140
oro169141		PRJNA518082	not collected		feces metagenome	2016-10-14	USA: Fox State Forest NH	not collected	sample	oro169141
oro169142		PRJNA518082	not collected		feces metagenome	2016-10-14	USA: Fox State Forest NH	not collected	sample	oro169142
oro169143		PRJNA518082	not collected		feces metagenome	2016-10-14	USA: Fox State Forest NH	not collected	sample	oro169143
oro169144		PRJNA518082	not collected		feces metagenome	2016-10-14	USA: Fox State Forest NH	not collected	sample	oro169144
oro169145		PRJNA518082	not collected		feces metagenome	2016-10-14	USA: Fox State Forest NH	not collected	sample	oro169145
oro169146		PRJNA518082	not collected		feces metagenome	2016-10-14	USA: Fox State Forest NH	not collected	sample	oro169146
oro169147		PRJNA518082	not collected		feces metagenome	2016-10-14	USA: Fox State Forest NH	not collected	sample	oro169147
oro169148		PRJNA518082	not collected		feces metagenome	2016-10-14	USA: Fox State Forest NH	not collected	sample	oro169148
oro169149		PRJNA518082	not collected		feces metagenome	2016-10-14	USA: Fox State Forest NH	not collected	sample	oro169149
oro169150		PRJNA518082	not collected		feces metagenome	2016-10-14	USA: Fox State Forest NH	not collected	sample	oro169150
oro169151		PRJNA518082	not collected		feces metagenome	2016-10-14	USA: Fox State Forest NH	not collected	sample	oro169151
oro169152		PRJNA518082	not collected		feces metagenome	2016-10-14	USA: Fox State Forest NH	not collected	sample	oro169152
oro169154		PRJNA518082	not collected		feces metagenome	2016-10-06	USA: Fox State Forest NH	not collected	sample	oro169154
oro169155		PRJNA518082	not collected		feces metagenome	2016-10-06	USA: Fox State Forest NH	not collected	sample	oro169155
oro169156		PRJNA518082	not collected		feces metagenome	2016-10-06	USA: Fox State Forest NH	not collected	sample	oro169156
oro169157		PRJNA518082	not collected		feces metagenome	2016-10-06	USA: Fox State Forest NH	not collected	sample	oro169157
oro169158		PRJNA518082	not collected		feces metagenome	2016-10-06	USA: Fox State Forest NH	not collected	sample	oro169158
oro169159		PRJNA518082	not collected		feces metagenome	2016-10-06	USA: Fox State Forest NH	not collected	sample	oro169159
oro169160		PRJNA518082	not collected		feces metagenome	2016-10-06	USA: Fox State Forest NH	not collected	sample	oro169160
oro169161		PRJNA518082	not collected		feces metagenome	2016-10-06	USA: Fox State Forest NH	not collected	sample	oro169161
oro169162		PRJNA518082	not collected		feces metagenome	2016-10-06	USA: Fox State Forest NH	not collected	sample	oro169162
oro169250		PRJNA518082	not collected		feces metagenome	2016-10-06	USA: Fox State Forest NH	not collected	sample	oro169250
oro169252		PRJNA518082	not collected		feces metagenome	2016-09-01	USA: Fox State Forest NH	not collected	sample	oro169252
oro169253		PRJNA518082	not collected		feces metagenome	2016-09-01	USA: Fox State Forest NH	not collected	sample	oro169253
oro169254		PRJNA518082	not collected		feces metagenome	2016-09-08	USA: Fox State Forest NH	not collected	sample	oro169254
oro169255		PRJNA518082	not collected		feces metagenome	2016-09-08	USA: Fox State Forest NH	not collected	sample	oro169255
oro169256		PRJNA518082	not collected		feces metagenome	2016-09-08	USA: Fox State Forest NH	not collected	sample	oro169256
oro169257		PRJNA518082	not collected		feces metagenome	2016-09-08	USA: Fox State Forest NH	not collected	sample	oro169257
oro169258		PRJNA518082	not collected		feces metagenome	2016-09-08	USA: Fox State Forest NH	not collected	sample	oro169258
oro169259		PRJNA518082	not collected		feces metagenome	2016-09-08	USA: Fox State Forest NH	not collected	sample	oro169259
oro169260		PRJNA518082	not collected		feces metagenome	2016-09-08	USA: Fox State Forest NH	not collected	sample	oro169260
oro169261		PRJNA518082	not collected		feces metagenome	2016-09-08	USA: Fox State Forest NH	not collected	sample	oro169261
oro169263		PRJNA518082	not collected		feces metagenome	2016-09-08	USA: Fox State Forest NH	not collected	sample	oro169263
oro169264		PRJNA518082	not collected		feces metagenome	2016-09-08	USA: Fox State Forest NH	not collected	sample	oro169264
oro169265		PRJNA518082	not collected		feces metagenome	2016-09-08	USA: Fox State Forest NH	not collected	sample	oro169265
oro169266		PRJNA518082	not collected		feces metagenome	2016-09-15	USA: Fox State Forest NH	not collected	sample	oro169266
oro169267		PRJNA518082	not collected		feces metagenome	2016-09-15	USA: Fox State Forest NH	not collected	sample	oro169267
oro169268		PRJNA518082	not collected		feces metagenome	2016-09-15	USA: Fox State Forest NH	not collected	sample	oro169268
oro169269		PRJNA518082	not collected		feces metagenome	2016-09-15	USA: Fox State Forest NH	not collected	sample	oro169269
oro169270		PRJNA518082	not collected		feces metagenome	2016-09-15	USA: Fox State Forest NH	not collected	sample	oro169270
oro169271		PRJNA518082	not collected		feces metagenome	2016-09-15	USA: Fox State Forest NH	not collected	sample	oro169271
oro169272		PRJNA518082	not collected		feces metagenome	2016-09-15	USA: Fox State Forest NH	not collected	sample	oro169272
oro169274		PRJNA518082	not collected		feces metagenome	2016-09-15	USA: Fox State Forest NH	not collected	sample	oro169274
oro169275		PRJNA518082	not collected		feces metagenome	2016-09-15	USA: Fox State Forest NH	not collected	sample	oro169275
oro169276		PRJNA518082	not collected		feces metagenome	2016-09-15	USA: Fox State Forest NH	not collected	sample	oro169276
oro169277		PRJNA518082	not collected		feces metagenome	2016-09-15	USA: Fox State Forest NH	not collected	sample	oro169277
oro169278		PRJNA518082	not collected		feces metagenome	2016-09-22	USA: Fox State Forest NH	not collected	sample	oro169278
oro169279		PRJNA518082	not collected		feces metagenome	2016-09-22	USA: Fox State Forest NH	not collected	sample	oro169279
oro169280		PRJNA518082	not collected		feces metagenome	2016-09-22	USA: Fox State Forest NH	not collected	sample	oro169280
oro169281		PRJNA518082	not collected		feces metagenome	2016-09-22	USA: Fox State Forest NH	not collected	sample	oro169281
oro169282		PRJNA518082	not collected		feces metagenome	2016-09-22	USA: Fox State Forest NH	not collected	sample	oro169282
oro169283		PRJNA518082	not collected		feces metagenome	2016-09-22	USA: Fox State Forest NH	not collected	sample	oro169283
oro169284		PRJNA518082	not collected		feces metagenome	2016-09-22	USA: Fox State Forest NH	not collected	sample	oro169284
oro169285		PRJNA518082	not collected		feces metagenome	2016-09-22	USA: Fox State Forest NH	not collected	sample	oro169285
oro169286		PRJNA518082	not collected		feces metagenome	2016-09-22	USA: Fox State Forest NH	not collected	sample	oro169286
oro169287		PRJNA518082	not collected		feces metagenome	2016-09-22	USA: Fox State Forest NH	not collected	sample	oro169287
oro169288		PRJNA518082	not collected		feces metagenome	2016-09-22	USA: Fox State Forest NH	not collected	sample	oro169288
oro169289		PRJNA518082	not collected		feces metagenome	2016-09-22	USA: Fox State Forest NH	not collected	sample	oro169289
oro169290		PRJNA518082	not collected		feces metagenome	2016-09-29	USA: Fox State Forest NH	not collected	sample	oro169290
oro169291		PRJNA518082	not collected		feces metagenome	2016-09-29	USA: Fox State Forest NH	not collected	sample	oro169291
oro169292		PRJNA518082	not collected		feces metagenome	2016-09-29	USA: Fox State Forest NH	not collected	sample	oro169292
oro169293		PRJNA518082	not collected		feces metagenome	2016-09-29	USA: Fox State Forest NH	not collected	sample	oro169293
oro169294		PRJNA518082	not collected		feces metagenome	2016-09-29	USA: Fox State Forest NH	not collected	sample	oro169294
oro169295		PRJNA518082	not collected		feces metagenome	2016-09-29	USA: Fox State Forest NH	not collected	sample	oro169295
oro169297		PRJNA518082	not collected		feces metagenome	2016-09-29	USA: Fox State Forest NH	not collected	sample	oro169297
oro169298		PRJNA518082	not collected		feces metagenome	2016-09-29	USA: Fox State Forest NH	not collected	sample	oro169298
oro169299		PRJNA518082	not collected		feces metagenome	2016-09-29	USA: Fox State Forest NH	not collected	sample	oro169299
oro169300		PRJNA518082	not collected		feces metagenome	2016-09-29	USA: Fox State Forest NH	not collected	sample	oro169300
oro169301		PRJNA518082	not collected		feces metagenome	2016-09-29	USA: Fox State Forest NH	not collected	sample	oro169301
oro16CP160001		PRJNA518082	not collected		feces metagenome	2016-10-06	USA: Mount Vernon NH	not collected	sample	oro16CP160001
oro16CP160003		PRJNA518082	not collected		feces metagenome	2016-10-06	USA: Mount Vernon NH	not collected	sample	oro16CP160003
oro16CP160004		PRJNA518082	not collected		feces metagenome	2016-10-06	USA: Mount Vernon NH	not collected	sample	oro16CP160004
oro16CP160005		PRJNA518082	not collected		feces metagenome	2016-10-06	USA: Mount Vernon NH	not collected	sample	oro16CP160005
oro16CP160006		PRJNA518082	not collected		feces metagenome	2016-10-06	USA: Mount Vernon NH	not collected	sample	oro16CP160006
oro16CP160009		PRJNA518082	not collected		feces metagenome	2016-10-06	USA: Mount Vernon NH	not collected	sample	oro16CP160009
oro16CP160010		PRJNA518082	not collected		feces metagenome	2016-10-06	USA: Mount Vernon NH	not collected	sample	oro16CP160010
oro16CP160011		PRJNA518082	not collected		feces metagenome	2016-10-06	USA: Mount Vernon NH	not collected	sample	oro16CP160011
oro16CP160017		PRJNA518082	not collected		feces metagenome	2016-10-06	USA: Mount Vernon NH	not collected	sample	oro16CP160017
oro16CP160051		PRJNA518082	not collected		feces metagenome	2016-09-10	USA: Mount Vernon NH	not collected	sample	oro16CP160051
oro16CP160052		PRJNA518082	not collected		feces metagenome	2016-09-10	USA: Mount Vernon NH	not collected	sample	oro16CP160052
oro16CP160053		PRJNA518082	not collected		feces metagenome	2016-09-10	USA: Mount Vernon NH	not collected	sample	oro16CP160053
oro16CP160054		PRJNA518082	not collected		feces metagenome	2016-09-10	USA: Mount Vernon NH	not collected	sample	oro16CP160054
oro16CP160055		PRJNA518082	not collected		feces metagenome	2016-09-10	USA: Mount Vernon NH	not collected	sample	oro16CP160055
oro16CP160056		PRJNA518082	not collected		feces metagenome	2016-09-10	USA: Mount Vernon NH	not collected	sample	oro16CP160056
oro16CP160057		PRJNA518082	not collected		feces metagenome	2016-09-10	USA: Mount Vernon NH	not collected	sample	oro16CP160057
oro16CP160058		PRJNA518082	not collected		feces metagenome	2016-09-10	USA: Mount Vernon NH	not collected	sample	oro16CP160058
oro16CP160059		PRJNA518082	not collected		feces metagenome	2016-09-10	USA: Mount Vernon NH	not collected	sample	oro16CP160059
oro16CP160062		PRJNA518082	not collected		feces metagenome	2016-09-10	USA: Mount Vernon NH	not collected	sample	oro16CP160062
oro16CP160063		PRJNA518082	not collected		feces metagenome	2016-09-17	USA: Mount Vernon NH	not collected	sample	oro16CP160063
oro16CP160064		PRJNA518082	not collected		feces metagenome	2016-09-17	USA: Mount Vernon NH	not collected	sample	oro16CP160064
oro16CP160065		PRJNA518082	not collected		feces metagenome	2016-09-17	USA: Mount Vernon NH	not collected	sample	oro16CP160065
oro16CP160066		PRJNA518082	not collected		feces metagenome	2016-09-17	USA: Mount Vernon NH	not collected	sample	oro16CP160066
oro16CP160067		PRJNA518082	not collected		feces metagenome	2016-09-17	USA: Mount Vernon NH	not collected	sample	oro16CP160067
oro16CP160068		PRJNA518082	not collected		feces metagenome	2016-09-17	USA: Mount Vernon NH	not collected	sample	oro16CP160068
oro16CP160069		PRJNA518082	not collected		feces metagenome	2016-09-17	USA: Mount Vernon NH	not collected	sample	oro16CP160069
oro16CP160071		PRJNA518082	not collected		feces metagenome	2016-09-17	USA: Mount Vernon NH	not collected	sample	oro16CP160071
oro16CP160072		PRJNA518082	not collected		feces metagenome	2016-09-17	USA: Mount Vernon NH	not collected	sample	oro16CP160072
oro16CP160073		PRJNA518082	not collected		feces metagenome	2016-09-17	USA: Mount Vernon NH	not collected	sample	oro16CP160073
oro16CP160074		PRJNA518082	not collected		feces metagenome	2016-09-17	USA: Mount Vernon NH	not collected	sample	oro16CP160074
oro16CP160076		PRJNA518082	not collected		feces metagenome	2016-09-22	USA: Mount Vernon NH	not collected	sample	oro16CP160076
oro16CP160077		PRJNA518082	not collected		feces metagenome	2016-09-22	USA: Mount Vernon NH	not collected	sample	oro16CP160077
oro16CP160078		PRJNA518082	not collected		feces metagenome	2016-09-22	USA: Mount Vernon NH	not collected	sample	oro16CP160078
oro16CP160079		PRJNA518082	not collected		feces metagenome	2016-09-22	USA: Mount Vernon NH	not collected	sample	oro16CP160079
oro16CP160080		PRJNA518082	not collected		feces metagenome	2016-09-22	USA: Mount Vernon NH	not collected	sample	oro16CP160080
oro16CP160081		PRJNA518082	not collected		feces metagenome	2016-09-22	USA: Mount Vernon NH	not collected	sample	oro16CP160081
oro16CP160096		PRJNA518082	not collected		feces metagenome	2016-09-22	USA: Mount Vernon NH	not collected	sample	oro16CP160096
oro16CP160097		PRJNA518082	not collected		feces metagenome	2016-09-22	USA: Mount Vernon NH	not collected	sample	oro16CP160097
oro16CP160098		PRJNA518082	not collected		feces metagenome	2016-09-22	USA: Mount Vernon NH	not collected	sample	oro16CP160098
oro16CP160100		PRJNA518082	not collected		feces metagenome	2016-09-22	USA: Mount Vernon NH	not collected	sample	oro16CP160100
oro16CP160102		PRJNA518082	not collected		feces metagenome	2016-09-29	USA: Mount Vernon NH	not collected	sample	oro16CP160102
oro16CP160104		PRJNA518082	not collected		feces metagenome	2016-09-29	USA: Mount Vernon NH	not collected	sample	oro16CP160104
oro16CP160105		PRJNA518082	not collected		feces metagenome	2016-09-29	USA: Mount Vernon NH	not collected	sample	oro16CP160105
oro16CP160106		PRJNA518082	not collected		feces metagenome	2016-09-29	USA: Mount Vernon NH	not collected	sample	oro16CP160106
oro16CP160112		PRJNA518082	not collected		feces metagenome	2016-09-29	USA: Mount Vernon NH	not collected	sample	oro16CP160112
mockIM4p7L2		PRJNA518082	not collected		feces metagenome	not applicable	not applicable	not collected	mock	mockIM4p7L2
